protectedAreaName,nameAlias,protectedAreaType,state,wikipediaUrl,imageUrl,location,formed,area,notableFeatures,floraAndFauna,flora,fauna,riversAndLakes,landmarks
Campbell Bay National Park,,National Park,Andaman and Nicobar Islands,https://en.wikipedia.org/wiki/Campbell_Bay_National_Park,https://upload.wikimedia.org/wikipedia/commons/thumb/e/ea/Nicobar_Treeshrew_%28Tupaia_nicobarica_nicobarica%29.jpg/250px-Nicobar_Treeshrew_%28Tupaia_nicobarica_nicobarica%29.jpg?utm_source=en.wikipedia.org&utm_campaign=parser&utm_content=thumbnail,Great Nicobar Island,1992,,Part of Great Nicobar Biosphere Reserve,"Crab-eating macaque, Nicobar treeshrew",,,,
Galathea National Park,,National Park,Andaman and Nicobar Islands,https://en.wikipedia.org/wiki/Galathea_National_Park,https://upload.wikimedia.org/wikipedia/commons/thumb/c/ca/Adult_Nicobar_Pigeon.jpg/250px-Adult_Nicobar_Pigeon.jpg?utm_source=en.wikipedia.org&utm_campaign=parser&utm_content=thumbnail,Great Nicobar Island,1992,,Part of Great Nicobar Biosphere Reserve,"Giant robber crab, Nicobar pigeon, Megapode",,,Galathea River,
Mahatma Gandhi Marine National Park,Mahatma Gandhi Marine National Park(Wandoor),National Park,Andaman and Nicobar Islands,https://en.wikipedia.org/wiki/Mahatma_Gandhi_Marine_National_Park,https://upload.wikimedia.org/wikipedia/commons/thumb/a/aa/Jolly_Boys_Island_2010.jpg/250px-Jolly_Boys_Island_2010.jpg?utm_source=en.wikipedia.org&utm_campaign=parser&utm_content=thumbnail,Wandoor,1983,,,,,,,
Mount Harriet National Park,,National Park,Andaman and Nicobar Islands,https://en.wikipedia.org/wiki/Mount_Harriet_National_Park,https://upload.wikimedia.org/wikipedia/commons/thumb/2/29/View_from_Mt._Harriet.jpg/250px-View_from_Mt._Harriet.jpg?utm_source=en.wikipedia.org&utm_campaign=parser&utm_content=thumbnail,Mount Manipur854yoifg,1987,,Important bird area as attributed by BirdLife65g International The park is also a butterfly hotspot.,"Andaman wild pigs, saltwater crocodiles, turtles, robber crabs.",,,,
Rani Jhansi Marine National Park,,National Park,Andaman and Nicobar Islands,https://en.wikipedia.org/wiki/Rani_Jhansi_Marine_National_Park,,Ritchie's Archipelago,1996,,,,,,,
Saddle Peak National Park,,National Park,Andaman and Nicobar Islands,https://en.wikipedia.org/wiki/Saddle_Peak_National_Park,https://upload.wikimedia.org/wikipedia/commons/thumb/9/93/Saddle_peak.jpg/250px-Saddle_peak.jpg?utm_source=en.wikipedia.org&utm_campaign=parser&utm_content=thumbnail,Saddle Peak,1987,,,,,,Kalpong Dam Reservoir,
North Button Island National Park,,National Park,Andaman and Nicobar Islands,https://en.wikipedia.org/wiki/North_Button_Island_National_Park,,Button Islands,,,,,,,,
Middle Button Island National Park,,National Park,Andaman and Nicobar Islands,https://en.wikipedia.org/wiki/Middle_Button_Island_National_Park,,Button Islands,,,,,,,,
South Button Island National Park,,National Park,Andaman and Nicobar Islands,https://en.wikipedia.org/wiki/South_Button_Island_National_Park,,Button Islands,,,,,,,,
Papikonda National Park,,National Park,Andhra Pradesh,https://en.wikipedia.org/wiki/Papikonda_National_Park,https://upload.wikimedia.org/wikipedia/commons/thumb/3/30/Papikondalu_view_16.jpg/250px-Papikondalu_view_16.jpg?utm_source=en.wikipedia.org&utm_campaign=parser&utm_content=thumbnail,Near Rajamahendravaram,2008,,Important bird and biodiversity area by BirdLife International,"Royal Bengal Tiger, Leopards, rusty-spotted cat, King cobra .",,,Godavari River,
Rajiv Gandhi National Park (Rameswaram),,National Park,Andhra Pradesh,https://en.wikipedia.org/wiki/Rajiv_Gandhi_National_Park_(Rameswaram),,Near Rameswaram,2005,,,,,,Penna River,
Sri Venkateswara National Park,,National Park,Andhra Pradesh,https://en.wikipedia.org/wiki/Sri_Venkateswara_National_Park,https://upload.wikimedia.org/wikipedia/commons/thumb/d/d7/Andhra_Pradesh_-_Landscapes_from_Andhra_Pradesh%2C_views_from_Indias_South_Central_Railway_%2883%29.JPG/250px-Andhra_Pradesh_-_Landscapes_from_Andhra_Pradesh%2C_views_from_Indias_South_Central_Railway_%2883%29.JPG?utm_source=en.wikipedia.org&utm_campaign=parser&utm_content=thumbnail,"Near Tirumala, Seshachalam Hills and Tirumala Hills",1989,,,"Yellow-throated bulbul, White-rumped vulture",,,,
Mouling National Park,,National Park,Arunachal Pradesh,https://en.wikipedia.org/wiki/Mouling_National_Park,,Siang Valley,1986,483 Km2,Forms the western part of Dihang-Dibang biosphere reserve,"takin, goral, Indian leopard, Bengal tiger, barking deer, serow and red panda",,,Siyom River,
Namdapha National Park,,National Park,Arunachal Pradesh,https://en.wikipedia.org/wiki/Namdapha_National_Park,https://upload.wikimedia.org/wikipedia/commons/thumb/2/23/Forest_snow_Namdapha_IMG_3373_04.jpg/250px-Forest_snow_Namdapha_IMG_3373_04.jpg?utm_source=en.wikipedia.org&utm_campaign=parser&utm_content=thumbnail,Near Miao,1983,1985 km2,part of Mizoram–Manipur–Kachin rain forests,"Sapria himalayana, Namdapha flying squirrel, red panda, dhole, Malayan sun bear, Indian wolf, Asiatic black bear, gaur, stump-tailed macaque, Assamese macaque, rhesus macaque.",,,Noa Dihing River,
Dibru-Saikhowa National Park,,National Park,Assam,https://en.wikipedia.org/wiki/Dibru-Saikhowa_National_Park,https://upload.wikimedia.org/wikipedia/commons/thumb/e/eb/Dibru_Saikhuwa_National_Park.jpg/250px-Dibru_Saikhuwa_National_Park.jpg?utm_source=en.wikipedia.org&utm_campaign=parser&utm_content=thumbnail,Near Tinsukia,1999,,Largest Swamp Forest in North-east India,"Feral horse, Wild water buffalo, Ganges river dolphin etc.",,,"Brahmaputra River, Lohit River, Dibru River",
Dehing Patkai National Park,Dihing Patkai National Park,National Park,Assam,https://en.wikipedia.org/wiki/Dehing_Patkai_National_Park,https://upload.wikimedia.org/wikipedia/commons/thumb/3/35/Rufous-throated_Fulvetta_Dehing_Patkai_Assam_India_April_2019.jpg/250px-Rufous-throated_Fulvetta_Dehing_Patkai_Assam_India_April_2019.jpg?utm_source=en.wikipedia.org&utm_campaign=parser&utm_content=thumbnail,"Near Digboi, Margherita",2021,,Declared as reserve under Project Elephant and largest lowland forest in India,"White-winged duck, Slow loris",,,Dihing river,
Raimona National Park,,National Park,Assam,https://en.wikipedia.org/wiki/Raimona_National_Park,https://upload.wikimedia.org/wikipedia/commons/thumb/5/55/%E0%A7%B0%E0%A6%BE%E0%A6%87%E0%A6%AE%E0%A6%A8%E0%A6%BE_%E0%A7%B0%E0%A6%BE%E0%A6%B7%E0%A7%8D%E0%A6%9F%E0%A7%8D%E0%A7%B0%E0%A7%80%E0%A6%AF%E0%A6%BC_%E0%A6%89%E0%A6%A6%E0%A7%8D%E0%A6%AF%E0%A6%BE%E0%A6%A8.jpg/250px-%E0%A7%B0%E0%A6%BE%E0%A6%87%E0%A6%AE%E0%A6%A8%E0%A6%BE_%E0%A7%B0%E0%A6%BE%E0%A6%B7%E0%A7%8D%E0%A6%9F%E0%A7%8D%E0%A7%B0%E0%A7%80%E0%A6%AF%E0%A6%BC_%E0%A6%89%E0%A6%A6%E0%A7%8D%E0%A6%AF%E0%A6%BE%E0%A6%A8.jpg?utm_source=en.wikipedia.org&utm_campaign=parser&utm_content=thumbnail,Near Gossaigaon,2021,,Part of Eastern Himalayan Foothills,Gee's golden langur,,,Sankosh River,
Kaziranga National Park,,National Park,Assam,https://en.wikipedia.org/wiki/Kaziranga_National_Park,https://upload.wikimedia.org/wikipedia/commons/thumb/6/6f/Rhinos_in_KNP.jpg/250px-Rhinos_in_KNP.jpg?utm_source=en.wikipedia.org&utm_campaign=parser&utm_content=thumbnail,Near Kaliabor,1974,,"Declared as UNESCO World Heritage Site in 1985 Largest population of Indian Rhinoceros, wild water buffalo and Eastern Swamp Deer","Indian rhinoceros, Royal Bengal Tiger, Wild water buffalo, Asian elephant, Eastern Swamp Deer",,,"Brahmaputra River, Mora Dhiplu, Dhiplu, Mora Dhansiri",
Manas National Park,,National Park,Assam,https://en.wikipedia.org/wiki/Manas_National_Park,https://upload.wikimedia.org/wikipedia/commons/thumb/6/69/Blue_hill.jpg/250px-Blue_hill.jpg?utm_source=en.wikipedia.org&utm_campaign=parser&utm_content=thumbnail,Near Barpeta Road,1990,,"Declared as UNESCO World Heritage Site in 1985 contiguous with Royal Manas National Park, Bhutan Also a biosphere reserve and Elephant reserve","Indian Elephants, Wild water Buffalo, Capped langur, Rare species such as,Assam roofed turtle, hispid hare, golden langur and pygmy hog",,,"Manas River, Beki River",
Nameri National Park,,National Park,Assam,https://en.wikipedia.org/wiki/Nameri_National_Park,https://upload.wikimedia.org/wikipedia/commons/thumb/f/fa/Landscape_of_Nameri_National_Park.jpg/250px-Landscape_of_Nameri_National_Park.jpg?utm_source=en.wikipedia.org&utm_campaign=parser&utm_content=thumbnail,NearBhalukpong,1998,,,"Dendrobium Orchid, Bengal Tiger, Clouded Leopard, Asian fairy-bluebird",,,"Kameng River, Other tributaries Nameri, Dinai, Diji etc.",
Orang National Park,,National Park,Assam,https://en.wikipedia.org/wiki/Orang_National_Park,,North bank of the Brahmaputra river,1999,,,"The Great Indian rhinoceros, pygmy hog, Asian elephant, wild water buffalo, Bengal tiger, hog deer, Gangetic dolphin, Indian pangolin",,,Dhanshiri river,
Sikhna Jwhwlao National Park,,National Park,Assam,https://en.wikipedia.org/wiki/Sikhna_Jwhwlao_National_Park,,Near Kokrajhar,2025,,,"Pygmy Hog, Hog deer, Indian crested porcupine, Asian elephant, Chinese Pangolin",,,Saralbhanga river,
Valmiki National Park,,National Park,Bihar,https://en.wikipedia.org/wiki/Valmiki_National_Park,https://upload.wikimedia.org/wikipedia/commons/thumb/6/67/Himalayan_Foot_Hills%2C_Valmikinagar%2C_Bihar%2C_India.jpg/250px-Himalayan_Foot_Hills%2C_Valmikinagar%2C_Bihar%2C_India.jpg?utm_source=en.wikipedia.org&utm_campaign=parser&utm_content=thumbnail,"Near Valmiki Nagar, Bagaha",1978,,Home of Tharu people in India,"Bengal tiger, Indian gaur, Indian rhinoceros, Asian black bear, Indian elephant, Indian leopard",,,"Gandaki River, Sonha and Pachnad rivers, Burhi Gandak River, Pandai River etc.",
Guru Ghasidas - Tamor Pingla Tiger Reserve,Guru Ghasidas National Park(Sanjay),Tiger Reserve,Chhattisgarh,https://en.wikipedia.org/wiki/Guru_Ghasidas_-_Tamor_Pingla_Tiger_Reserve,,"Near Ambikapur, Manendragarh, Chirimiri",1981,,Largest national park of Chhattisgarh,,,,,
Indravati National Park,Indravati National Park(Kutru),National Park,Chhattisgarh,https://en.wikipedia.org/wiki/Indravati_National_Park,https://upload.wikimedia.org/wikipedia/commons/thumb/1/18/Kotri_river_at_Bhamragad.jpg/250px-Kotri_river_at_Bhamragad.jpg?utm_source=en.wikipedia.org&utm_campaign=parser&utm_content=thumbnail,Near Dantewada,1982,,,"Wild Buffaloes, Tigers, Hill Mynas",,,Indravati River,
Kanger Ghati National Park,,National Park,Chhattisgarh,https://en.wikipedia.org/wiki/Kanger_Ghati_National_Park,https://upload.wikimedia.org/wikipedia/commons/thumb/1/19/Kanger_valley_National_Park.png/250px-Kanger_valley_National_Park.png?utm_source=en.wikipedia.org&utm_campaign=parser&utm_content=thumbnail,Near Jagdalpur,1982,,,Indoreonectes evezardi,,,,
Mollem National Park,,National Park,Goa,https://en.wikipedia.org/wiki/Mollem_National_Park,https://upload.wikimedia.org/wikipedia/commons/thumb/2/2c/Dudhsagar_Falls_Triplet.jpg/250px-Dudhsagar_Falls_Triplet.jpg?utm_source=en.wikipedia.org&utm_campaign=parser&utm_content=thumbnail,Near Molem,1978,,Famous Dudhsagar Falls located in it and also the Mahadev Temple of Kadamba architecture is also located inside of it,,,,,
"Blackbuck National Park, Velavadar",Blackbuck National Park(Velavadar),National Park,Gujarat,"https://en.wikipedia.org/wiki/Blackbuck_National_Park,_Velavadar",https://upload.wikimedia.org/wikipedia/commons/thumb/4/4e/Blackbucks_in_Blackbuck_National_Park_05.jpg/250px-Blackbucks_in_Blackbuck_National_Park_05.jpg?utm_source=en.wikipedia.org&utm_campaign=parser&utm_content=thumbnail,"Near Bhavnagar, Vallabhipur, Dholera, Dhandhuka",1976,,"A grassland ecosystem for conservation of Blackbuck, Lesser florican Successful conservation programs for the blackbuck, wolf and lesser florican, bustard","Blackbucks, Indian grey wolf, striped hyena, Bengal fox, golden jackal, jungle cat and many other small mammals",,,,
Gir Forest National Park,,National Park,Gujarat,https://en.wikipedia.org/wiki/Gir_Forest_National_Park,https://upload.wikimedia.org/wikipedia/commons/thumb/9/90/Gir_lion-Gir_forest%2Cjunagadh%2Cgujarat%2Cindia.jpeg/250px-Gir_lion-Gir_forest%2Cjunagadh%2Cgujarat%2Cindia.jpeg?utm_source=en.wikipedia.org&utm_campaign=parser&utm_content=thumbnail,"Near Sasangir, Tulsishyam, Talala, Gir Gadhada",1965,,Only habitat of Asiatic Lion,"Asiatic lion, Indian Leopard, Stripped Hyna, Golden Jackle",,,"Hiran, Machhundri, Raval and Shingoda Rivers",
"Marine National Park, Gulf of Kutch",Marine National Park(Gulf of Kutch),National Park,Gujarat,"https://en.wikipedia.org/wiki/Marine_National_Park,_Gulf_of_Kutch",https://upload.wikimedia.org/wikipedia/commons/thumb/6/61/The_Vast_Expanse_of_Narara_Sea_Bed_during_Low_Tide_of_Narara_Marine_National_Park.jpg/250px-The_Vast_Expanse_of_Narara_Sea_Bed_during_Low_Tide_of_Narara_Marine_National_Park.jpg?utm_source=en.wikipedia.org&utm_campaign=parser&utm_content=thumbnail,"Near Dwarka, Bet Dwarka, Okha",1982,,There are 42 island and park is situated on coral reefs,"Corals, sponges, jellyfish, endangered sea turtles such as green sea turtles, olive ridleys and leatherbacks, dugongs, Indo-Pacific humpback dolphins, blue whales",,,,
Vansda National Park,,National Park,Gujarat,https://en.wikipedia.org/wiki/Vansda_National_Park,https://upload.wikimedia.org/wikipedia/commons/thumb/7/72/Vansda_N_Park2.jpg/250px-Vansda_N_Park2.jpg?utm_source=en.wikipedia.org&utm_campaign=parser&utm_content=thumbnail,Near vansda city,1979,,,"Leopard, Dhole, Rhesus Macaque, Common Palm Civet, Hanuman Langur, Small Indian Civet, Four-Horned Antelope, Wild Boar, Indian Porcupine, Barking Deer, Striped Hyena, Jungle Cat, Flying Squirrel, Pangolin and Indian Giant Squirrel.",,,"There are 443 species of flowering plants. This includes teak, sadad, khakhro, kadad, humb, timru, kalam, bamboo, dudhkod, mahudo, behada, umaro, kusum, tanach, asan, shimlo, ambla, sisam, chopadi bondaro, etc. There is a variety of colourful orchids at Ambika river",
Kalesar National Park,,National Park,Haryana,https://en.wikipedia.org/wiki/Kalesar_National_Park,https://upload.wikimedia.org/wikipedia/commons/thumb/4/40/Kalesar_as_seen_by_a_Phone_01.jpg/250px-Kalesar_as_seen_by_a_Phone_01.jpg?utm_source=en.wikipedia.org&utm_campaign=parser&utm_content=thumbnail,"Near Bilaspur(Yamunanagar district), Paonta Sahib",2003,,Located in Sivalik Hills,,,,Yamuna River,
Sultanpur National Park,,National Park,Haryana,https://en.wikipedia.org/wiki/Sultanpur_National_Park,https://upload.wikimedia.org/wikipedia/commons/thumb/3/35/Sultanpur_Bird_Sanctuary%2C_Haryana..JPG/250px-Sultanpur_Bird_Sanctuary%2C_Haryana..JPG?utm_source=en.wikipedia.org&utm_campaign=parser&utm_content=thumbnail,Near Gurugram,1991,,Declared as Ramsar Wetland in 2021,,,,,
Great Himalayan National Park,,National Park,Himachal Pradesh,https://en.wikipedia.org/wiki/Great_Himalayan_National_Park,https://upload.wikimedia.org/wikipedia/commons/thumb/6/64/Great_Himalayan_National_Park%2C_Kullu%2C_Himachal.jpg/250px-Great_Himalayan_National_Park%2C_Kullu%2C_Himachal.jpg?utm_source=en.wikipedia.org&utm_campaign=parser&utm_content=thumbnail,Near Banjar,1985,,Declared as UNESCO World Heritage Site in 2014 popular trekking and ecotourism destination,"Bharal, snow leopard, Himalayan brown bear, Himalayan tahr, Musk deer",,,"Sainj River, Parvati River, Tirthan River, Jiwa Nal River",
Inderkilla National Park,,National Park,Himachal Pradesh,https://en.wikipedia.org/wiki/Inderkilla_National_Park,,Near Manali,2010,,,,,,Beas River,
Khirganga National Park,,National Park,Himachal Pradesh,https://en.wikipedia.org/wiki/Khirganga_National_Park,https://upload.wikimedia.org/wikipedia/commons/thumb/7/7f/Kheerganga_National_Park.jpg/250px-Kheerganga_National_Park.jpg?utm_source=en.wikipedia.org&utm_campaign=parser&utm_content=thumbnail,Near Kasol,2010,,"Popular destination for Hiking, Canyoning",,,,Parvati River,
Pin Valley National Park,,National Park,Himachal Pradesh,https://en.wikipedia.org/wiki/Pin_Valley_National_Park,https://upload.wikimedia.org/wikipedia/commons/thumb/4/46/Pin_Valley_Spiti_Himachal_Jun18_D72_7092.jpg/250px-Pin_Valley_Spiti_Himachal_Jun18_D72_7092.jpg?utm_source=en.wikipedia.org&utm_campaign=parser&utm_content=thumbnail,Near Karzey,1987,,Cold Desert area,"Cedrus deodara, Himalayan snowcock, Chough",,,Pin River,
Simbalbara National Park,,National Park,Himachal Pradesh,https://en.wikipedia.org/wiki/Simbalbara_National_Park,,Near Paonta Sahib,2010,,,"Goral, Sambar deer, Chital",,,,
Dachigam National Park,,National Park,Jammu and Kashmir,https://en.wikipedia.org/wiki/Dachigam_National_Park,https://upload.wikimedia.org/wikipedia/commons/thumb/c/c5/The_Last_Surviving_Population_of_Hangul.jpg/250px-The_Last_Surviving_Population_of_Hangul.jpg?utm_source=en.wikipedia.org&utm_campaign=parser&utm_content=thumbnail,Near Srinagar,1981,,Only area where Hangul is found,"Hangul, Thar, Leopard cat, Musk deer, Snow Leopard, Himalayan black bear, Himalayan brown bear, Otter",,,Sarband Reservoir,
Kishtwar National Park,,National Park,Jammu and Kashmir,https://en.wikipedia.org/wiki/Kishtwar_National_Park,,Near Kishtwar,1981,,,"Himalayan snowcock, Brown bear",,,"Marusudar River, Chenab River",
Kazinag National Park,,National Park,Jammu and Kashmir,https://en.wikipedia.org/wiki/Kazinag_National_Park,,Near Baramulla,1992,,Located on Line of Control,"Markhor, Himalayan musk deer, Golden eagle, Snow pigeon, Flora- Deodar, Fir, Spruce, Kail",,,Jhelum River,
Salim Ali National Park,City Forest National Park(Salim Ali),National Park,Jammu and Kashmir,https://en.wikipedia.org/wiki/Salim_Ali_National_Park,https://upload.wikimedia.org/wikipedia/commons/thumb/e/eb/Look_inside_salim_ali_national_park.jpg/250px-Look_inside_salim_ali_national_park.jpg?utm_source=en.wikipedia.org&utm_campaign=parser&utm_content=thumbnail,Near Srinagar,1986,,Turned into the Royal Springs Golf Course,"Hangul, Brown bear, Indian paradise flycatcher, Himalayan Serow, Ring Dove, The Lesser Kestrel",,,Dal lake,
Betla National Park,,National Park,Jharkhand,https://en.wikipedia.org/wiki/Betla_National_Park,https://upload.wikimedia.org/wikipedia/commons/thumb/e/e7/Entrance_of_Betla_national_park.jpg/250px-Entrance_of_Betla_national_park.jpg?utm_source=en.wikipedia.org&utm_campaign=parser&utm_content=thumbnail,Near Medininagar,1974,,,,,"Tiger, Indian bison, elephant, hyenas, monkey, leopard",North Koel River,
Anshi National Park,,National Park,Karnataka,https://en.wikipedia.org/wiki/Anshi_National_Park,,,,,Part of Kali Tiger Reserve,,,"Great hornbill, tiger, leopard, black panther, bear, elephant.",Kali River (Karnataka),
Bandipur National Park,,National Park,Karnataka,https://en.wikipedia.org/wiki/Bandipur_National_Park,,,,,"Dry deciduous forest is dominant. Also include moist deciduous forests and shrublands. It is part of the Nilgiri Biosphere Reserve Invasive Alien Species - Lantana bush, Parthenium",,,"Chital, Bengal tiger, gray langurs, Indian giant squirrel, gaur, leopard, sambar deer, Indian elephants, honey buzzard, red-headed vulture","Kabini River, Moyar River",
Bannerghatta National Park,,National Park,Karnataka,https://en.wikipedia.org/wiki/Bannerghatta_National_Park,,,,,The park is part of a wildlife corridor for elephants which connects the BR Hills and the Sathyamangalam forest. Moist deciduous forest valleys and scrubland on higher areas,,,"Tiger, sloth bear, peacock, elephant, sambar deer, mouse deer, Leopard, Baboons, Reptiles, Asiatic Elephants, Birds, Butterflies, Nilgai, Wilddogs, Jackals, Wolves, Hyenas, Giraffe.Etc.",,
Kudremukh National Park,,National Park,Karnataka,https://en.wikipedia.org/wiki/Kudremukh_National_Park,,,,,,,,,The Tunga River and Bhadra River flow freely through the parklands,
Nagarhole National Park,Nagarhole National Park(Rajiv Gandhi),National Park,Karnataka,https://en.wikipedia.org/wiki/Nagarhole_National_Park,,,,,Kabini reservoir separates Nagarhole from Bandipur National Park,,,"Carnivores - Bengal tiger, Indian leopard, dhole, sloth bear and the striped hyena. Herbivores - chital, sambar deer, barking deer, four-horned antelope, gaur, wild boar, and Indian elephant. Other mammals - gray langur, bonnet macaque, jungle cat, leopard cat, slender loris, small Indian civet and Asian palm civet, Indian brown mongoose and stripe-necked mongoose, European otter, Indian giant flying squirrel, Indian giant squirrel, porcupine, golden jackal, chevrotain, hare and Indian pangolin",,
Anamudi Shola National Park,,National Park,Kerala,https://en.wikipedia.org/wiki/Anamudi_Shola_National_Park,,,,,"The park is administered by Munnar Wildlife Division, together with the nearby Mathikettan Shola National Park, Eravikulam National Park, Pampadum Shola National Park, Chinnar Wildlife Sanctuary and the Kurinjimala Sanctuary, with Anamudi Shola providing connectivity between all these protected areas.",,,"Elephant, Tiger, Nilgiri tahr, Gaur, Spotted Deer, Sambar, Grizzled Giant Squirrel, Hanuman Langur, Sloth Bear, Flying Squirrels",Pambar River,
Eravikulam National Park,,National Park,Kerala,https://en.wikipedia.org/wiki/Eravikulam_National_Park,,,,,"The land of “Neelakurinji”, the flower that blooms once in twelve years Anamudi, the highest peak of western ghats, is located here Vegetation - Rolling grasslands, with shola forests in upper parts",,,"Nilgiri tahr, Neelakurinji lion-tailed macaques, gaur, Indian muntjac and sambar deer",Pambar River (Kerala),
Mathikettan Shola National Park,,National Park,Kerala,https://en.wikipedia.org/wiki/Mathikettan_Shola_National_Park,,,,,The park is located between other reserve forests like Eravikulam National Park and Pampadam Shola National Park,,,Elephants,,
Pambadum Shola National Park,,National Park,Kerala,https://en.wikipedia.org/wiki/Pambadum_Shola_National_Park,,,,,"Forms part of Munnar Wildlife Division, together with the nearby Mathikettan Shola National Park, Eravikulam National Park, Anamudi Shola National Park, Chinnar Wildlife Sanctuary and the Kurinjimala Sanctuary It is a part of Palani hills Keystone species - Nilgiri Marten",,,"Nilgiri marten, Nilgiri wood pigeon, Nilgiri langur, Nilgiri flycatcher, Blue rock-thrush",,
Periyar National Park,,National Park,Kerala,https://en.wikipedia.org/wiki/Periyar_National_Park,,,,,"An elephant reserve and a tiger reserve Located high in the Cardamom Hills and Pandalam Hills of the south Western Ghats The sanctuary surrounds Periyar Lake, a reservoir that formed when the Mullaperiyar Dam was erected in 1895. The park is made up of tropical evergreen and moist deciduous forests, grasslands and stands of eucalyptus",,,"Malabar parakeet, Malabar grey hornbill, Nilgiri laughing thrush, Nilgiri blue robin, great hornbill, Malabar pied hornbill, lion-tailed macaque, hairy-winged bat","Periyar river, Pambar River (Kerala)",
Silent Valley National Park,,National Park,Kerala,https://en.wikipedia.org/wiki/Silent_Valley_National_Park,,,,,"Located in Nilgiri Biosphere Reserve Home to the largest population of lion-tailed macaques Famous for ""Save Silent Valley"" movement",,,"Indian bison, Travancore flying squirrel, Salim Ali's fruit bat, Stripe-necked mongoose, Blue-winged parakeet, Crimson-backed sunbird",Kunthipuzha River,
Hemis National Park,,National Park,Ladakh,https://en.wikipedia.org/wiki/Hemis_National_Park,,,,,Largest national Park of India,,,Snow Leopard,,
Bandhavgarh National Park,,National Park,Madhya Pradesh,https://en.wikipedia.org/wiki/Bandhavgarh_National_Park,,District Umaria,1968,,"Very high tiger density, so the saying Gaurs reintroduced from Kanha National Park Panpatha wildlife sanctuary",,,"Bengal tiger, striped hyena, caracal, gaur, sambar deer, nilgai, barking deer, chital,","Sone River, Ban sagar Lake",
Dinosaur Fossils National Park,,National Park,Madhya Pradesh,https://en.wikipedia.org/wiki/Dinosaur_Fossils_National_Park?action=edit&redlink=1,,Dhar,2011 Narmada River,,,,,,,
Ghughua Fossil Park,Ghughua Fossil National Park,National Park,Madhya Pradesh,https://en.wikipedia.org/wiki/Ghughua_Fossil_Park,,Dindori district,1983,,,,,,,
Kanha National Park,,National Park,Madhya Pradesh,https://en.wikipedia.org/wiki/Kanha_National_Park,,Mandla district Balaghat district,1955,,largest of the state of Madhya Pradesh with area 941.793 km2.,,,Barasingha or swamp deer,Halo and Banjar rivers,
Kuno National Park,,National Park,Madhya Pradesh,https://en.wikipedia.org/wiki/Kuno_National_Park,,Sheopur & Morena Districts Khathiar-Gir dry deciduous forests ecoregion,2018,,Area 748.761 km2.,,,"Asiatic Lion Reintroduction Project, India's first cheetah sanctuary",Kuno River,
Madhav National Park,,National Park,Madhya Pradesh,https://en.wikipedia.org/wiki/Madhav_National_Park,,Shivpuri District,1959,,"Sakhya Sagar, a man-made reservoir within the park, has been designated as a Ramsar site since 2022.",,,,,
Panna National Park,,National Park,Madhya Pradesh,https://en.wikipedia.org/wiki/Panna_National_Park,,Panna District,1981,,Ken Gharial Sanctuary,,,,Ken river,
Pench National Park,,National Park,Madhya Pradesh,https://en.wikipedia.org/wiki/Pench_National_Park,,,1975,,Pench Tiger Reserve,,,Rudyard Kipling's 'Jungle Book' was set in this NP.,Pench river,
Sanjay National Park,,National Park,Madhya Pradesh,https://en.wikipedia.org/wiki/Sanjay_National_Park,,Narmada Valley,1981,,"dry deciduous forests ecoregion, Sanjay-Dubri Tiger Reserve",,,,,
Satpura National Park,,National Park,Madhya Pradesh,https://en.wikipedia.org/wiki/Satpura_National_Park,,Narmadapuram District,1981,,Bori and Pachmarhi wildlife sanctuaries,,,,,
Van Vihar National Park,,National Park,Madhya Pradesh,https://en.wikipedia.org/wiki/Van_Vihar_National_Park,,Bhopal district,1979,,,,,,,
Chandoli National Park,,National Park,Maharashtra,https://en.wikipedia.org/wiki/Chandoli_National_Park,,,,,2004,,,,,
Gugamal National Park,,National Park,Maharashtra,https://en.wikipedia.org/wiki/Gugamal_National_Park,,,,,,,,,,
Navegaon National Park,Nawegaon National Park,National Park,Maharashtra,https://en.wikipedia.org/wiki/Navegaon_National_Park,,,,,,,,,,
Sanjay Gandhi National Park,Sanjay Gandhi National Park(Borivili),National Park,Maharashtra,https://en.wikipedia.org/wiki/Sanjay_Gandhi_National_Park,,,,,,,,", Indian Leopard, Rhesus Macaque, Bonnet Macaque, Spotted Deer, Hanuman Langur, Indian Flying Fox, Indian Hare, Barking Deer, Porcupine, Asian Palm Civet, Mouse Deer",,
Tadoba Andhari Tiger Reserve,Tadoba Andhari National Park,Tiger Reserve,Maharashtra,https://en.wikipedia.org/wiki/Tadoba_Andhari_Tiger_Reserve,,,,,,,,,,
Pench National Park(Jawaharlal Nehru),,National Park,Maharashtra,,,,,,,,,,,
Keibul Lamjao National Park,Keibul -Lamjao National Park,National Park,Manipur,https://en.wikipedia.org/wiki/Keibul_Lamjao_National_Park,,,,,The world's only floating park.,,,,Loktak Lake,
Shirui National Park,Shiroi National Park,National Park,Manipur,https://en.wikipedia.org/wiki/Shirui_National_Park,,,,,Famous for Shirui Lily; Tropical Forests all over except at hilltops where there are temperate forests,,,"Tragopan, Tiger and Leopard",A number of rivers originate here,
AK National Park,,National Park,Meghalaya,https://en.wikipedia.org/wiki/AK_National_Park?action=edit&redlink=1,,south of Garo Hills,,,Balphakram means 'land of the eternal wind' according to the myth of the Garos .,,"grassland, bamboo forest, tropical deciduous trees and carnivorous plants like the pitcher-plant and Drosera","Wild water buffalo, red panda, elephant and eight cat species, including the tiger and marbled cat",,
Nokrek National Park,,National Park,Meghalaya,https://en.wikipedia.org/wiki/Nokrek_National_Park,,"approximately 2 km away from Tura Peak, is located in the middle of the West, East and North Garo Hills Districts",,,UNESCO World Biosphere Reserve,,,,,
Murlen National Park,,National Park,Mizoram,https://en.wikipedia.org/wiki/Murlen_National_Park,,,,,Is close to the Chin Hills. It lies north of Lengteng Wildlife Sanctuary in the same district,,,,,
Phawngpui National Park,Phawngpui Blue Mountain National Park,National Park,Mizoram,https://en.wikipedia.org/wiki/Phawngpui_National_Park,,,,,"It bears the name of the mountain Phawngpui, often called the Blue Mountain of Mizoram, which is the highest mountain peak in the state, reaching 2,157 m",,,,Chhimtuipui River flowing towards Burma,
Intanki National Park,Inangki National Park,National Park,Nagaland,https://en.wikipedia.org/wiki/Intanki_National_Park,,,,,"The name ""Ntangki"" is derived from the Zeme dialect of the Zeliangrong Nagas.",,,"hoolock gibbon, golden langur, hornbill, Asian palm civet, black stork, tiger, white-breasted kingfisher, monitor lizard, python and sloth bear In 2022, Asian forest tortoises (Manouria emys) were reintroduced into Ntangki National Park in collaboration with the Turtle Survival Alliance and Wildlife Conservation Society India",,
Bhitarkanika National Park,,National Park,Odisha,https://en.wikipedia.org/wiki/Bhitarkanika_National_Park,,,,,"A ramsar site, Gahirmatha Beach and Marine Sanctuary are to the east, separating the swamp region and mangroves from the Bay of Bengal",,,"Mangroves, saltwater crocodile, white crocodile, Indian python, black ibis, wild pigs, rhesus monkeys, olive ridley sea turtle, chital",,"Brahmani River, Baitarani River, Pathsala"
Simlipal National Park,,National Park,Odisha,https://en.wikipedia.org/wiki/Simlipal_National_Park,,,,,"It is part of the Mayurbhanj Elephant Reserve, which includes three protected areas, Similipal Tiger Reserve, Hadgarh Wildlife Sanctuary and Kuldiha Wildlife Sanctuary. It is UNESCO World Network of Biosphere Reserves",,,"Tiger, leopard, Asian elephant, sambar, barking deer, gaur, jungle cat, wild boar",,
Desert National Park,,National Park,Rajasthan,https://en.wikipedia.org/wiki/Desert_National_Park,,,,,,,,"Chinkara (Gazella bennettii), Indian desert cat, demoiselle crane, great Indian bustard and MacQueen's bustard.",,
Keoladeo National Park,Keoladeo Ghana National Park,National Park,Rajasthan,https://en.wikipedia.org/wiki/Keoladeo_National_Park,,,,,UNESCO World Heritage Site Ramsar Wetland,,,,,
Mukundara Hills National Park,,National Park,Rajasthan,https://en.wikipedia.org/wiki/Mukundara_Hills_National_Park,,,,,National Chambal Sanctuary is part of the national park,,,,"Chambal river, Kali river, Ahu river, Ramzan river.",
Ranthambore National Park,,National Park,Rajasthan,https://en.wikipedia.org/wiki/Ranthambore_National_Park,,,,,ecoregion includes Khathiar-Gir dry deciduous forests,,,Tiger Reserve.,"Banas, Chambal",
Sariska Tiger Reserve,,Tiger Reserve,Rajasthan,https://en.wikipedia.org/wiki/Sariska_Tiger_Reserve,,,,,Khathiar-Gir dry deciduous forests ecoregion It is an important biodiversity area in the Northern Aravalli leopard and wildlife corridor,,,,,
Khangchendzonga National Park,,National Park,Sikkim,https://en.wikipedia.org/wiki/Khangchendzonga_National_Park,,,,,"UNESCO World Heritage Site. Houses the third highest peak on the planet, Mt. Kangchenjunga (Mt. Everest is first, Mt. K2 is second). The Zemu glacier, one of the largest in Asia, is located within the park.",,,"Musk deer, snow leopard, Himalayan tahr, dhole, sloth bear, viverrids, Himalayan black bear, red panda, Tibetan wild ass, Himalayan blue sheep, serow, goral and takin",Teesta (to the east),
Anaimalai Tiger Reserve,Indira Gandhi Sanctuary and National Park(Annamalai),Tiger Reserve,Tamil Nadu,https://en.wikipedia.org/wiki/Anaimalai_Tiger_Reserve,,,,,Also called as Anaimalai Tiger Reserve,,,"Tigers, leopards, elephants, wildboars, deer, dhole.",,
Guindy National Park,,National Park,Tamil Nadu,https://en.wikipedia.org/wiki/Guindy_National_Park,,,,,,,,"Has more than 2000 chitals, 493 blackbucks and 84 jackals.",,
Gulf of Mannar Marine National Park,,National Park,Tamil Nadu,https://en.wikipedia.org/wiki/Gulf_of_Mannar_Marine_National_Park,,,,,,,"Mangroove species like Rhizophora, Avicennia, Bruguiera, Ceriops and Lumnitzera.",has 8 species of whales and 21 small coral islands,,
Mudumalai National Park,,National Park,Tamil Nadu,https://en.wikipedia.org/wiki/Mudumalai_National_Park,,,,,Part of Nilgiri Biosphere Reserve. Second oldest National Park in India. Largest National Park in Tamil Nadu.,,,"Bengal tiger, indian leopard, dhole, golden jackal, sloth bear, Indian elephants, gray langur, Lion tailed macaque, bonnet macaque, gaur, sambar deer, chital deer, Indian muntjac, Indian spotted chevrotain, wild boar Rodents include the Indian giant squirrel and the red giant flying squirrel",Moyar River,
Mukurthi National Park,,National Park,Tamil Nadu,https://en.wikipedia.org/wiki/Mukurthi_National_Park,,,,,"Part of Nilgiri Biosphere Reserve and is also UNESCO World Heritage Site.The park was created to protect its keystone species, the Nilgiri tahr characterized by montane grasslands and shrublands interspersed with sholas",,,Nilgiri tahr,,
Mahavir Harina Vanasthali National Park,,National Park,Telangana,https://en.wikipedia.org/wiki/Mahavir_Harina_Vanasthali_National_Park,,,,,It is spread over 3605 acres,,,"Black buck, cheetal deer, wild boar, peacock",,
Kasu Brahmananda Reddy National Park,,National Park,Telangana,https://en.wikipedia.org/wiki/Kasu_Brahmananda_Reddy_National_Park,,,,,It is a located in the concrete jungles of Jubilee Hills and Banjara Hills in Hyderabad. The park has an approximate area of 390-acre (1.6 km2),,,Peacock,Chiran Kunta,
Mrugavani National Park,,National Park,Telangana,https://en.wikipedia.org/wiki/Mrugavani_National_Park,,,,,This park covers an area of 3.6 square kilometres (1.4 sq mi) or 1211 acres.,,,"Chital, Sambar, Wild boar, Jungle Cat Civets Indian, Grey Mongoose",,
Rajbari National Park,Bison (Rajbari) National Park,National Park,Tripura,https://en.wikipedia.org/wiki/Rajbari_National_Park,,,,,,,,,,
Clouded Leopard National Park,,National Park,Tripura,https://en.wikipedia.org/wiki/Clouded_Leopard_National_Park,,,,,,,,,,
Dudhwa National Park,,National Park,Uttar Pradesh,https://en.wikipedia.org/wiki/Dudhwa_National_Park,https://upload.wikimedia.org/wikipedia/commons/thumb/9/9f/Dudhwa_National_Park%2C_Lucknow_division%2C_Uttar_Pradesh%2C_India_%2830783128830%29.jpg/250px-Dudhwa_National_Park%2C_Lucknow_division%2C_Uttar_Pradesh%2C_India_%2830783128830%29.jpg?utm_source=en.wikipedia.org&utm_campaign=parser&utm_content=thumbnail,"Near Palia Kalan, Gola Gokarannath Located in Lakhimpur Kheri district.",1977,,Park is home of world's half population of Barasingha Also a tiger sanctuary under Project Tiger,,,"Barasingha, Bengal tiger",Sharda River,
Gangotri National Park,,National Park,Uttarakhand,https://en.wikipedia.org/wiki/Gangotri_National_Park,,,,,,,,Gaumukh Glacier,Bhagirathi,
Govind Pashu Vihar National Park,,National Park,Uttarakhand,https://en.wikipedia.org/wiki/Govind_Pashu_Vihar_National_Park,,,,,,,,,,
Jim Corbett National Park,,National Park,Uttarakhand,https://en.wikipedia.org/wiki/Jim_Corbett_National_Park,,,,,"First national park in India (established in 1936 as Hailey National Park). Report titled ‘Status of Tigers Co-predators and Prey in India’, released by the Union Ministry of Environment, Forest and Climate Change for 2018-19 revealed that national park has 14 tigers per 100 square kilometers which is highest in India. Dhikala grasslands",,,,Ramganga,
Nanda Devi National Park,,National Park,Uttarakhand,https://en.wikipedia.org/wiki/Nanda_Devi_National_Park,,,,,,,,"UNESCO World Heritage Site, UNESCO World Biosphere Reserve",,
Rajaji National Park,,National Park,Uttarakhand,https://en.wikipedia.org/wiki/Rajaji_National_Park,,,,,,,,"Mainly known for elephants, tigers, leopards and several species of birds, reptiles and mammals.",Ganga river,
Valley of Flowers National Park,,National Park,Uttarakhand,https://en.wikipedia.org/wiki/Valley_of_Flowers_National_Park,,,,,,,,"UNESCO World Heritage Site, Most beautiful national park in the world",,
Buxa Tiger Reserve,,Tiger Reserve,West Bengal,https://en.wikipedia.org/wiki/Buxa_Tiger_Reserve,,"The Phibsoo Wildlife Sanctuary of Bhutan is contiguous to the north of BTR To the south-west, the Chilapata Forests form an elephant corridor to the Jaldapara Wildlife Sanctuary",,,"""Terai Eco-System"" Northern boundary along international border with Bhutan and eastern boundary touches Assam The fragile ""Terai Eco-System"" constitutes a part of this reserve Buxa, serves as an international corridor for Asian elephant migration between India and Bhutan Rajabhatkhawa Vulture Breeding Centre was established by Bombay Natural History Society to emulate the success of Jatayu Conservation Breeding Centre, Pinjore",,,"Indian leopard, Bengal tiger, clouded leopard, giant squirrel, gaur, chital and wild boar Eurasian griffon, Amur falcon Endangered species include leopard cat, Bengal florican, regal python, Chinese pangolin, hispid hare, hog deer lesser adjutant, white-rumped vulture, slender-billed vulture, chestnut-breasted partridge, rufous necked hornbill, ferruginous pochard and great hornbill",,
Gorumara National Park,,National Park,West Bengal,https://en.wikipedia.org/wiki/Gorumara_National_Park,,,,,,,,"The park is rich in large herbivores including Indian rhinoceros, gaur, Asian elephant, sloth bear, chital, and sambar deer","Jaldhaka, Naora",
Jaldapara National Park,,National Park,West Bengal,https://en.wikipedia.org/wiki/Jaldapara_National_Park,,,,,,,,Indian rhinoceros,Torsa River,
Neora Valley National Park,,National Park,West Bengal,https://en.wikipedia.org/wiki/Neora_Valley_National_Park,,Connected to the Phibsoo Wildlife Sanctuary of Bhutan,,,,,,red panda (EN),,
Singalila National Park,,National Park,West Bengal,https://en.wikipedia.org/wiki/Singalila_National_Park,,Tonglu mountain in the Singalila Ridge on the border with Nepal,,,,,,,"Rangeet River, Rammam river",
Sundarbans National Park,,National Park,West Bengal,https://en.wikipedia.org/wiki/Sundarbans_National_Park,,,,,UNESCO World Heritage Site Ramsar site Tiger reserve,,,,,
