protectedAreaName,protectedAreaType,state,wikipediaUrl,inclusion,lastNotified,latitude,longitude,tigerPopulation2022,areaCoreKm2,areaBufferKm2,areaTotalKm2
Bandipur Tiger Reserve,Tiger Reserve,Karnataka,https://en.wikipedia.org/wiki/Bandipur_National_Park,1973–74,2007,11.66167,76.62722,150,872.24,584.06,"1,456.3"
Corbett Tiger Reserve,Tiger Reserve,Uttarakhand,https://en.wikipedia.org/wiki/Jim_Corbett_National_Park,1973–74,2010,29.54861,78.93528,260,821.99,466.32,"1,288.31"
Kanha Tiger Reserve,Tiger Reserve,Madhya Pradesh,https://en.wikipedia.org/wiki/Kanha_Tiger_Reserve,1973–74,2007,22.2275,80.645,105,917.43,"1,134.36","2,051.79"
Manas Tiger Reserve,Tiger Reserve,Assam,https://en.wikipedia.org/wiki/Manas_National_Park,1973–74,2008,26.71667,90.93333,58,526.22,"2,310.88","2,837.10"
Melghat Tiger Reserve,Tiger Reserve,Maharashtra,https://en.wikipedia.org/wiki/Melghat,1973–74,2007,21.44583,77.19722,57,"1,500.49","1,268.03","2,768.52"
Palamau Tiger Reserve,Tiger Reserve,Jharkhand,https://en.wikipedia.org/wiki/Palamau_Tiger_Reserve,1973–74,2012,23.68889,84.24889,1,414.08,715.85,"1,129.93"
Ranthambore Tiger Reserve,Tiger Reserve,Rajasthan,https://en.wikipedia.org/wiki/Ranthambore_National_Park,1973–74,2007,26.01722,76.5025,57,"1,113.36",297.92,"1,411.29"
Similipal Tiger Reserve,Tiger Reserve,Odisha,https://en.wikipedia.org/wiki/Simlipal_National_Park,1973–74,2007,21.83333,86.33333,16,"1,194.75","1,555.25","2,750"
Sunderbans Tiger Reserve,Tiger Reserve,West Bengal,https://en.wikipedia.org/wiki/Sundarbans_National_Park,1973–74,2007,21.83806,88.88528,100,"1,699.62",885.27,"2,584.89"
Periyar Tiger Reserve,Tiger Reserve,Kerala,https://en.wikipedia.org/wiki/Periyar_National_Park,1978–79,2007,9.5775,77.18,30,881.00,44.00,925.00
Sariska Tiger Reserve,Tiger Reserve,Rajasthan,https://en.wikipedia.org/wiki/Sariska_Tiger_Reserve,1978–79,2007,27.3175,76.43694,19,881.11,332.23,"1,213.34"
Buxa Tiger Reserve,Tiger Reserve,West Bengal,https://en.wikipedia.org/wiki/Buxa_Tiger_Reserve,1982–83,2009,26.65,89.58,1,390.58,367.32,757.90
Indravati Tiger Reserve,Tiger Reserve,Chhattisgarh,https://en.wikipedia.org/wiki/Indravati_National_Park,1982–83,2009,19.205,81.03139,1,"1,258.37","1,540.70","2,799.07"
Namdapha Tiger Reserve,Tiger Reserve,Arunachal Pradesh,https://en.wikipedia.org/wiki/Namdapha_National_Park,1982–83,1987,27.48333,96.38333,1,"1,807.82",245.00,"2,052.82"
Nagarjunsagar-Srisailam Tiger Reserve,Tiger Reserve,Andhra Pradesh,https://en.wikipedia.org/wiki/Nagarjunsagar-Srisailam_Tiger_Reserve,1982–83,2007,16.3,78.98333,58,"2,595.72",700.59,"3,296.31"
Dudhwa Tiger Reserve,Tiger Reserve,Uttar Pradesh,https://en.wikipedia.org/wiki/Dudhwa_National_Park,1987–88,2010,28.50833,80.68,135,"1,093.79","1,107.98","2,201.77"
Kalakad-Mundanthurai Tiger Reserve,Tiger Reserve,Tamil Nadu,https://en.wikipedia.org/wiki/Kalakkad_Mundanthurai_Tiger_Reserve,1988–89,2007,8.68333,77.31667,5,895.00,706.54,"1,601.54"
Valmiki Tiger Reserve,Tiger Reserve,Bihar,https://en.wikipedia.org/wiki/Valmiki_National_Park,1989–90,2012,27.33167,84.1625,54,598.45,300.93,899.38
Pench (M.P.) Tiger Reserve,Tiger Reserve,Madhya Pradesh,https://en.wikipedia.org/wiki/Pench_Tiger_Reserve,1992–93,2007,21.69306,79.24833,77,411.33,768.30,"1,179.63"
Tadoba-Andhari Tiger Reserve,Tiger Reserve,Maharashtra,https://en.wikipedia.org/wiki/Tadoba_Andhari_Tiger_Reserve,1993–94,2007,20.26667,79.4,97,625.82,"1,101.77","1,727.59"
Bandhavgarh Tiger Reserve,Tiger Reserve,Madhya Pradesh,https://en.wikipedia.org/wiki/Bandhavgarh_National_Park,1993–94,2007,23.69944,80.96194,135,716.9,820.03,"1,536.93"
Panna Tiger Reserve,Tiger Reserve,Madhya Pradesh,https://en.wikipedia.org/wiki/Panna_National_Park,1994–95,2007,24.730444,80.010778,55,576.13,"1,021.97","1,598.10"
Dampa Tiger Reserve,Tiger Reserve,Mizoram,https://en.wikipedia.org/wiki/Dampa_Tiger_Reserve,1994–95,2007,23.56667,92.36667,0,500.00,488.00,988.00
Bhadra Tiger Reserve,Tiger Reserve,Karnataka,https://en.wikipedia.org/wiki/Bhadra_Wildlife_Sanctuary,1998–99,2007,13.6954778,75.6368139,28,492.46,571.83,"1,064.29"
Pench (MH) Tiger Reserve,Tiger Reserve,Maharashtra,https://en.wikipedia.org/wiki/Pench_Tiger_Reserve,1998–99,2007,21.69306,79.24833,48,257.26,483.96,741.22
Pakke Tiger Reserve,Tiger Reserve,Arunachal Pradesh,https://en.wikipedia.org/wiki/Pakke_Tiger_Reserve,1999–00,2012,27.08333,92.85833,6,683.45,515.00,"1,198.45"
Nameri Tiger Reserve,Tiger Reserve,Assam,https://en.wikipedia.org/wiki/Nameri_National_Park,1999–00,2000,27.01,92.79,3,320.00,144.00,464.00
Satpura Tiger Reserve,Tiger Reserve,Madhya Pradesh,https://en.wikipedia.org/wiki/Satpura_Tiger_Reserve,1999–00,2007,22.495,78.23111,50,"1,339.26",794.04,"2,133.31"
Anamalai Tiger Reserve,Tiger Reserve,Tamil Nadu,https://en.wikipedia.org/wiki/Anamalai_Tiger_Reserve,2008–09,2007,10.417,77.0567,16,958.59,521.28,"1,479.87"
Udanti–Sitanadi Tiger Reserve,Tiger Reserve,Chhattisgarh,https://en.wikipedia.org/wiki/Sitanadi_Wildlife_Sanctuary,2008–09,2009,20.1857,81.9362,1,851.09,991.45,"1,842.54"
Satkosia Tiger Reserve,Tiger Reserve,Odisha,https://en.wikipedia.org/wiki/Satkosia_Tiger_Reserve,2008–09,2007,20.54,84.83167,0,523.61,440.26,963.87
Kaziranga Tiger Reserve,Tiger Reserve,Assam,https://en.wikipedia.org/wiki/Kaziranga_National_Park,2008–09,2007,26.66667,93.35,104,625.58,548.00,"1,173.58"
Achanakmar Tiger Reserve,Tiger Reserve,Chhattisgarh,https://en.wikipedia.org/wiki/Achanakmar_Wildlife_Sanctuary,2008–09,2009,22.436556,81.838472,5,626.19,287.82,914.02
Kali Tiger Reserve,Tiger Reserve,Karnataka,https://en.wikipedia.org/wiki/Kali_Tiger_Reserve,2008–09,2007,14.9564,74.2521,17,814.88,282.63,"1,097.51"
Sanjay Dhubri Tiger Reserve,Tiger Reserve,Madhya Pradesh,https://en.wikipedia.org/wiki/Sanjay_National_Park,2008–09,2011,23.88528,82.05528,16,812.57,861.93,"1,674.5"
Mudumalai Tiger Reserve,Tiger Reserve,Tamil Nadu,https://en.wikipedia.org/wiki/Mudumalai_National_Park,2008–09,2007,11.6,76.5,114,321.00,367.59,688.59
Nagarhole Tiger Reserve,Tiger Reserve,Karnataka,https://en.wikipedia.org/wiki/Nagarhole_National_Park,2008–09,2007,12.06,76.15111,141,643.35,562.41,"1,205.76"
Parambikulam Tiger Reserve,Tiger Reserve,Kerala,https://en.wikipedia.org/wiki/Parambikulam_Tiger_Reserve,2008–09,2009,10.38333,76.70833,31,390.89,252.77,643.66
Sahyadri Tiger Reserve,Tiger Reserve,Maharashtra,https://en.wikipedia.org/wiki/Sahyadri_Tiger_Reserve,2009–10,2012,17.48611,73.80889,0,612.00,565.45,"1,165.57"
Biligiri Ranganatha Temple Tiger Reserve,Tiger Reserve,Karnataka,https://en.wikipedia.org/wiki/Biligiriranga_Hills,2010–11,2007,11.99389,77.14056,37,359.10,215.72,574.82
Kawal Tiger Reserve,Tiger Reserve,Telangana,https://en.wikipedia.org/wiki/Kawal_Wildlife_Sanctuary,2012–13,2012,18.99389,79.25,0,892.23,"1,123.21","2,015.44"
Sathyamangalam Tiger Reserve,Tiger Reserve,Tamil Nadu,https://en.wikipedia.org/wiki/Sathyamangalam_Wildlife_Sanctuary,2013–14,2013,11.64,77.22611,85,793.49,614.91,"1,408.40"
Mukandra Hills Tiger Reserve,Tiger Reserve,Rajasthan,https://en.wikipedia.org/wiki/Mukandra_Hills_Tiger_Reserve,2013–14,2013,24.86806,75.85611,1,417.17,342.82,759.99
Nawegaon–Nagzira Tiger Reserve,Tiger Reserve,Maharashtra,https://en.wikipedia.org/wiki/Navegaon_National_Park,2013–14,2015,20.93333,80.16667,11,653.67,"1,241.27","1,894.94"
Amrabad Tiger Reserve,Tiger Reserve,Telangana,https://en.wikipedia.org/wiki/Amrabad_Tiger_Reserve?action=edit&redlink=1,2014,2015,16.38,78.83,12,"2,166.37",445.02,"2,611.39"
Pilibhit Tiger Reserve,Tiger Reserve,Uttar Pradesh,https://en.wikipedia.org/wiki/Pilibhit_Tiger_Reserve,2014,2014,28.718811,80.071968,63,602.79,127.45,730.25
Bor Tiger Reserve,Tiger Reserve,Maharashtra,https://en.wikipedia.org/wiki/Bor_Wildlife_Sanctuary,2014,2012,20.9775,78.67583,9,138.12,678.15,816.27
Rajaji Tiger Reserve,Tiger Reserve,Uttarakhand,https://en.wikipedia.org/wiki/Rajaji_National_Park,2015,2015,30.05806,78.17278,54,819.54,255.63,"1,075.17"
Orang Tiger Reserve,Tiger Reserve,Assam,https://en.wikipedia.org/wiki/Orang_National_Park,2016,2016,26.55694,92.32778,16,79.28,413.18,492.46
Kamlang Tiger Reserve,Tiger Reserve,Arunachal Pradesh,https://en.wikipedia.org/wiki/Kamlang_Wildlife_Sanctuary,2016,2017,27.66667,96.43333,0,671.00,112.00,783.00
Srivilliputhur–Megamalai Tiger Reserve,Tiger Reserve,Tamil Nadu,https://en.wikipedia.org/wiki/Srivilliputhur-Megamalai_Tiger_Reserve,2021,2021,9.39389,77.36417,12,641.86,374.7,"1,016.57"
Ramgarh Vishdhari Tiger Reserve,Tiger Reserve,Rajasthan,https://en.wikipedia.org/wiki/Ramgarh_Vishdhari_Wildlife_Sanctuary,2022,2022,25.98333,75.31667,1,481.91,"1,019.99","1,501.90"
Ranipur Tiger Reserve,Tiger Reserve,Uttar Pradesh,https://en.wikipedia.org/wiki/Ranipur_Wildlife_Sanctuary,2022,2022,24.96,81.064,0,230.31,299.05,529.36
Veerangana Durgavati Tiger Reserve,Tiger Reserve,Madhya Pradesh,https://en.wikipedia.org/wiki/Veerangana_Durgavati_Wildlife_Sanctuary,2023,2023,23.54,79.72,0,"1,414.00",925.12,"2,339.12"
Dholpur-Karauli Tiger Reserve,Tiger Reserve,Rajasthan,https://en.wikipedia.org/wiki/Dholpur—Karauli_Tiger_Reserve?action=edit&redlink=1,2023,2023,26.5,77.02,0,599.64,0.00,599.64
Guru Ghasidas–Tamor Pingla Tiger Reserve,Tiger Reserve,Chhattisgarh,https://en.wikipedia.org/wiki/Guru_Ghasidas_-_Tamor_Pingla_Tiger_Reserve,2024,2024,23.60194,82.47194,0,"2,049.23",780.15,"2,829.38"
Ratapani Tiger Reserve,Tiger Reserve,Madhya Pradesh,https://en.wikipedia.org/wiki/Ratapani_Tiger_Reserve,2024,2024,22.917528,77.72222,0,763.81,507.65,"1,271.47"
Madhav Tiger Reserve,Tiger Reserve,Madhya Pradesh,https://en.wikipedia.org/wiki/Madhav_National_Park,2024,2024,25.5,77.81667,5,355.00,"1,276.00","1,751.00"
