protectedAreaName,protectedAreaType,state,wikipediaUrl,declared,area,district
Arial Island Wildlife Sanctuary,Wildlife Sanctuary,Andaman and Nicobar Islands,https://en.wikipedia.org/wiki/Arial_Island_Wildlife_Sanctuary?action=edit&redlink=1,1987,0.05,Andaman
Bamboo Island Wildlife Sanctuary,Wildlife Sanctuary,Andaman and Nicobar Islands,https://en.wikipedia.org/wiki/Bamboo_Island_Wildlife_Sanctuary,1987,0.05,Andaman
Barren Island Wildlife Sanctuary,Wildlife Sanctuary,Andaman and Nicobar Islands,https://en.wikipedia.org/wiki/Barren_Island_(Andaman_Islands),1987,8.1,Andaman
Battimalv Island Wildlife Sanctuary,Wildlife Sanctuary,Andaman and Nicobar Islands,https://en.wikipedia.org/wiki/Battimalv_Island_Wildlife_Sanctuary?action=edit&redlink=1,1987,2.23,Nicobar
Belle Island Wildlife Sanctuary,Wildlife Sanctuary,Andaman and Nicobar Islands,https://en.wikipedia.org/wiki/Belle_Island_Wildlife_Sanctuary?action=edit&redlink=1,1987,0.08,Andaman
Benett Island Wildlife Sanctuary,Wildlife Sanctuary,Andaman and Nicobar Islands,https://en.wikipedia.org/wiki/Benett_Island_Wildlife_Sanctuary?action=edit&redlink=1,1987,3.46,Andaman
Bingham Island Wildlife Sanctuary,Wildlife Sanctuary,Andaman and Nicobar Islands,https://en.wikipedia.org/wiki/Bingham_Island_Wildlife_Sanctuary?action=edit&redlink=1,1987,0.08,Andaman
Blister Island Wildlife Sanctuary,Wildlife Sanctuary,Andaman and Nicobar Islands,https://en.wikipedia.org/wiki/Blister_Island_Wildlife_Sanctuary?action=edit&redlink=1,1987,0.26,Andaman
Bluff Island Wildlife Sanctuary,Wildlife Sanctuary,Andaman and Nicobar Islands,https://en.wikipedia.org/wiki/Bluff_Island_Wildlife_Sanctuary?action=edit&redlink=1,1987,1.14,Andaman
Bondoville Island Wildlife Sanctuary,Wildlife Sanctuary,Andaman and Nicobar Islands,https://en.wikipedia.org/wiki/Bondoville_Island_Wildlife_Sanctuary?action=edit&redlink=1,1987,2.55,Andaman
Brush Island Wildlife Sanctuary,Wildlife Sanctuary,Andaman and Nicobar Islands,https://en.wikipedia.org/wiki/Brush_Island_Wildlife_Sanctuary?action=edit&redlink=1,1987,0.23,Andaman
Buchanan Island Wildlife Sanctuary,Wildlife Sanctuary,Andaman and Nicobar Islands,https://en.wikipedia.org/wiki/Buchanan_Island_Wildlife_Sanctuary?action=edit&redlink=1,1987,9.33,Andaman
Chanel Island Wildlife Sanctuary,Wildlife Sanctuary,Andaman and Nicobar Islands,https://en.wikipedia.org/wiki/Chanel_Island_Wildlife_Sanctuary?action=edit&redlink=1,1987,0.13,Andaman
Cinque Islands Wildlife Sanctuary,Wildlife Sanctuary,Andaman and Nicobar Islands,https://en.wikipedia.org/wiki/Cinque_Islands_Wildlife_Sanctuary?action=edit&redlink=1,1987,9.51,Andaman
Clyde Island Wildlife Sanctuary,Wildlife Sanctuary,Andaman and Nicobar Islands,https://en.wikipedia.org/wiki/Clyde_Island_Wildlife_Sanctuary?action=edit&redlink=1,1987,0.54,Andaman
Cone Island Wildlife Sanctuary,Wildlife Sanctuary,Andaman and Nicobar Islands,https://en.wikipedia.org/wiki/Cone_Island_Wildlife_Sanctuary?action=edit&redlink=1,1987,0.65,Andaman
Curlew (B.P.) Island Wildlife Sanctuary,Wildlife Sanctuary,Andaman and Nicobar Islands,https://en.wikipedia.org/wiki/Curlew_(B.P.)_Island_Wildlife_Sanctuary?action=edit&redlink=1,1987,0.16,Andaman
Curlew Island Wildlife Sanctuary,Wildlife Sanctuary,Andaman and Nicobar Islands,https://en.wikipedia.org/wiki/Curlew_Island_Wildlife_Sanctuary?action=edit&redlink=1,1987,0.03,Andaman
Cuthbert Bay Wildlife Sanctuary,Wildlife Sanctuary,Andaman and Nicobar Islands,https://en.wikipedia.org/wiki/Cuthbert_Bay_Wildlife_Sanctuary,1997,5.82,Andaman
Defence Island Wildlife Sanctuary,Wildlife Sanctuary,Andaman and Nicobar Islands,https://en.wikipedia.org/wiki/Defence_Island_Wildlife_Sanctuary,1987,10.49,Andaman
Dot Island Wildlife Sanctuary,Wildlife Sanctuary,Andaman and Nicobar Islands,https://en.wikipedia.org/wiki/Dot_Island_Wildlife_Sanctuary?action=edit&redlink=1,1987,0.13,Andaman
Dottrell Island Wildlife Sanctuary,Wildlife Sanctuary,Andaman and Nicobar Islands,https://en.wikipedia.org/wiki/Dottrell_Island_Wildlife_Sanctuary?action=edit&redlink=1,1987,0.13,Andaman
Duncan Island Wildlife Sanctuary,Wildlife Sanctuary,Andaman and Nicobar Islands,https://en.wikipedia.org/wiki/Duncan_Island_Wildlife_Sanctuary?action=edit&redlink=1,1987,0.73,Andaman
East Island Wildlife Sanctuary,Wildlife Sanctuary,Andaman and Nicobar Islands,https://en.wikipedia.org/wiki/East_Island_Wildlife_Sanctuary?action=edit&redlink=1,1987,6.11,Andaman
East of Inglis Island Wildlife Sanctuary,Wildlife Sanctuary,Andaman and Nicobar Islands,https://en.wikipedia.org/wiki/East_of_Inglis_Island_Wildlife_Sanctuary?action=edit&redlink=1,1987,3.55,Andaman
Egg Island Wildlife Sanctuary,Wildlife Sanctuary,Andaman and Nicobar Islands,https://en.wikipedia.org/wiki/Egg_Island_Wildlife_Sanctuary?action=edit&redlink=1,1987,0.05,Andaman
Entrance Island Wildlife Sanctuary,Wildlife Sanctuary,Andaman and Nicobar Islands,https://en.wikipedia.org/wiki/Entrance_Island_Wildlife_Sanctuary?action=edit&redlink=1,1987,0.96,Andaman
Flat Island Wildlife Sanctuary,Wildlife Sanctuary,Andaman and Nicobar Islands,https://en.wikipedia.org/wiki/Flat_Island_Wildlife_Sanctuary,1987,9.36,Andaman
Gander Island Wildlife Sanctuary,Wildlife Sanctuary,Andaman and Nicobar Islands,https://en.wikipedia.org/wiki/Gander_Island_Wildlife_Sanctuary?action=edit&redlink=1,1987,0.05,Andaman
Girjan Island Wildlife Sanctuary,Wildlife Sanctuary,Andaman and Nicobar Islands,https://en.wikipedia.org/wiki/Girjan_Island_Wildlife_Sanctuary?action=edit&redlink=1,1987,0.16,Andaman
Galathea Bay Wildlife Sanctuary,Wildlife Sanctuary,Andaman and Nicobar Islands,https://en.wikipedia.org/wiki/Galathea_Bay_Wildlife_Sanctuary?action=edit&redlink=1,,11.44,Nicobar
Goose Island Wildlife Sanctuary,Wildlife Sanctuary,Andaman and Nicobar Islands,https://en.wikipedia.org/wiki/Goose_Island_Wildlife_Sanctuary?action=edit&redlink=1,1987,0.01,Andaman
Hump Island Wildlife Sanctuary,Wildlife Sanctuary,Andaman and Nicobar Islands,https://en.wikipedia.org/wiki/Hump_Island_Wildlife_Sanctuary?action=edit&redlink=1,1987,0.47,Andaman
Interview Island Wildlife Sanctuary,Wildlife Sanctuary,Andaman and Nicobar Islands,https://en.wikipedia.org/wiki/Interview_Island,1987,133.87,Andaman
James Island Wildlife Sanctuary,Wildlife Sanctuary,Andaman and Nicobar Islands,https://en.wikipedia.org/wiki/James_Island_Wildlife_Sanctuary?action=edit&redlink=1,1987,2.1,Andaman
Jungle Island Wildlife Sanctuary,Wildlife Sanctuary,Andaman and Nicobar Islands,https://en.wikipedia.org/wiki/Jungle_Island_Wildlife_Sanctuary?action=edit&redlink=1,1987,0.52,Andaman
Kwangtung Island Wildlife Sanctuary,Wildlife Sanctuary,Andaman and Nicobar Islands,https://en.wikipedia.org/wiki/Kwangtung_Island_Wildlife_Sanctuary,1987,0.57,Andaman
Kyd Island Wildlife Sanctuary,Wildlife Sanctuary,Andaman and Nicobar Islands,https://en.wikipedia.org/wiki/Kyd_Island_Wildlife_Sanctuary?action=edit&redlink=1,1987,8,Andaman
Landfall Island Wildlife Sanctuary,Wildlife Sanctuary,Andaman and Nicobar Islands,https://en.wikipedia.org/wiki/Landfall_Island_Wildlife_Sanctuary?action=edit&redlink=1,1987,29.48,Andaman
Latouche Island Wildlife Sanctuary,Wildlife Sanctuary,Andaman and Nicobar Islands,https://en.wikipedia.org/wiki/Latouche_Island_Wildlife_Sanctuary?action=edit&redlink=1,1987,0.96,Andaman
Lohabarrack Wildlife Sanctuary,Wildlife Sanctuary,Andaman and Nicobar Islands,https://en.wikipedia.org/wiki/Lohabarrack_Wildlife_Sanctuary?action=edit&redlink=1,1987,22.21,Andaman
Mangrove Island Wildlife Sanctuary,Wildlife Sanctuary,Andaman and Nicobar Islands,https://en.wikipedia.org/wiki/Mangrove_Island_Wildlife_Sanctuary?action=edit&redlink=1,1987,0.39,Andaman
Mask Island Wildlife Sanctuary,Wildlife Sanctuary,Andaman and Nicobar Islands,https://en.wikipedia.org/wiki/Mask_Island_Wildlife_Sanctuary?action=edit&redlink=1,1987,0.78,Andaman
Mayo Island Wildlife Sanctuary,Wildlife Sanctuary,Andaman and Nicobar Islands,https://en.wikipedia.org/wiki/Mayo_Island_Wildlife_Sanctuary?action=edit&redlink=1,1987,0.1,Andaman
Megapode Island Wildlife Sanctuary,Wildlife Sanctuary,Andaman and Nicobar Islands,https://en.wikipedia.org/wiki/Megapode_Island_Wildlife_Sanctuary?action=edit&redlink=1,1987,0.12,Nicobar
Montogemery Island Wildlife Sanctuary,Wildlife Sanctuary,Andaman and Nicobar Islands,https://en.wikipedia.org/wiki/Montogemery_Island_Wildlife_Sanctuary?action=edit&redlink=1,1987,0.21,Andaman
Narcondam Island Wildlife Sanctuary,Wildlife Sanctuary,Andaman and Nicobar Islands,https://en.wikipedia.org/wiki/Narcondam_Island,1987,6.81,Andaman
North Brother Island Wildlife Sanctuary,Wildlife Sanctuary,Andaman and Nicobar Islands,https://en.wikipedia.org/wiki/North_Brother_Island_Wildlife_Sanctuary?action=edit&redlink=1,1987,0.75,Andaman
North Island Wildlife Sanctuary,Wildlife Sanctuary,Andaman and Nicobar Islands,https://en.wikipedia.org/wiki/North_Island_Wildlife_Sanctuary?action=edit&redlink=1,1987,0.49,Andaman
North Reef Island Wildlife Sanctuary,Wildlife Sanctuary,Andaman and Nicobar Islands,https://en.wikipedia.org/wiki/North_Reef_Island_Wildlife_Sanctuary?action=edit&redlink=1,1987,3.48,Andaman
Oliver Island Wildlife Sanctuary,Wildlife Sanctuary,Andaman and Nicobar Islands,https://en.wikipedia.org/wiki/Oliver_Island_Wildlife_Sanctuary?action=edit&redlink=1,1987,0.16,Andaman
Orchid Island Wildlife Sanctuary,Wildlife Sanctuary,Andaman and Nicobar Islands,https://en.wikipedia.org/wiki/Orchid_Island_Wildlife_Sanctuary?action=edit&redlink=1,1987,0.1,Andaman
Ox Island Wildlife Sanctuary,Wildlife Sanctuary,Andaman and Nicobar Islands,https://en.wikipedia.org/wiki/Ox_Island_Wildlife_Sanctuary?action=edit&redlink=1,1987,0.13,Andaman
Oyster Island‑I Wildlife Sanctuary,Wildlife Sanctuary,Andaman and Nicobar Islands,https://en.wikipedia.org/wiki/Oyster_Island‑I_Wildlife_Sanctuary?action=edit&redlink=1,1987,0.08,Andaman
Oyster Island‑II Wildlife Sanctuary,Wildlife Sanctuary,Andaman and Nicobar Islands,https://en.wikipedia.org/wiki/Oyster_Island‑II_Wildlife_Sanctuary?action=edit&redlink=1,1987,0.21,Andaman
Paget Island Wildlife Sanctuary,Wildlife Sanctuary,Andaman and Nicobar Islands,https://en.wikipedia.org/wiki/Paget_Island_Wildlife_Sanctuary?action=edit&redlink=1,1987,7.36,Andaman
Parkinson Island Wildlife Sanctuary,Wildlife Sanctuary,Andaman and Nicobar Islands,https://en.wikipedia.org/wiki/Parkinson_Island_Wildlife_Sanctuary?action=edit&redlink=1,1987,0.34,Andaman
Passage Island Wildlife Sanctuary,Wildlife Sanctuary,Andaman and Nicobar Islands,https://en.wikipedia.org/wiki/Passage_Island_Wildlife_Sanctuary?action=edit&redlink=1,1987,0.62,Andaman
Patric Island Wildlife Sanctuary,Wildlife Sanctuary,Andaman and Nicobar Islands,https://en.wikipedia.org/wiki/Patric_Island_Wildlife_Sanctuary?action=edit&redlink=1,1987,0.13,Andaman
Peacock Island Wildlife Sanctuary,Wildlife Sanctuary,Andaman and Nicobar Islands,https://en.wikipedia.org/wiki/Peacock_Island_Wildlife_Sanctuary?action=edit&redlink=1,1987,0.62,Andaman
Pitman Island Wildlife Sanctuary,Wildlife Sanctuary,Andaman and Nicobar Islands,https://en.wikipedia.org/wiki/Pitman_Island_Wildlife_Sanctuary?action=edit&redlink=1,1987,1.37,Andaman
Point Island Wildlife Sanctuary,Wildlife Sanctuary,Andaman and Nicobar Islands,https://en.wikipedia.org/wiki/Point_Island_Wildlife_Sanctuary?action=edit&redlink=1,1987,3.07,Andaman
Potanma Islands Wildlife Sanctuary,Wildlife Sanctuary,Andaman and Nicobar Islands,https://en.wikipedia.org/wiki/Potanma_Islands_Wildlife_Sanctuary?action=edit&redlink=1,1987,0.16,Andaman
Ranger Island Wildlife Sanctuary,Wildlife Sanctuary,Andaman and Nicobar Islands,https://en.wikipedia.org/wiki/Ranger_Island_Wildlife_Sanctuary?action=edit&redlink=1,1987,4.26,Andaman
Reef Island Wildlife Sanctuary,Wildlife Sanctuary,Andaman and Nicobar Islands,https://en.wikipedia.org/wiki/Reef_Island_Wildlife_Sanctuary?action=edit&redlink=1,1987,1.74,Andaman
Roper Island Wildlife Sanctuary,Wildlife Sanctuary,Andaman and Nicobar Islands,https://en.wikipedia.org/wiki/Roper_Island_Wildlife_Sanctuary?action=edit&redlink=1,1987,1.46,Andaman
Ross Island Wildlife Sanctuary,Wildlife Sanctuary,Andaman and Nicobar Islands,https://en.wikipedia.org/wiki/Ross_Island_Wildlife_Sanctuary?action=edit&redlink=1,1987,1.01,Andaman
Rowe Island Wildlife Sanctuary,Wildlife Sanctuary,Andaman and Nicobar Islands,https://en.wikipedia.org/wiki/Rowe_Island_Wildlife_Sanctuary?action=edit&redlink=1,1987,0.01,Andaman
Sandy Island Wildlife Sanctuary,Wildlife Sanctuary,Andaman and Nicobar Islands,https://en.wikipedia.org/wiki/Sandy_Island_Wildlife_Sanctuary?action=edit&redlink=1,1987,1.58,Andaman
Sea Serpent Island Wildlife Sanctuary,Wildlife Sanctuary,Andaman and Nicobar Islands,https://en.wikipedia.org/wiki/Sea_Serpent_Island_Wildlife_Sanctuary?action=edit&redlink=1,1987,0.78,Andaman
Shark Island Wildlife Sanctuary,Wildlife Sanctuary,Andaman and Nicobar Islands,https://en.wikipedia.org/wiki/Shark_Island_Wildlife_Sanctuary?action=edit&redlink=1,1987,0.6,Andaman
Shearme Island Wildlife Sanctuary,Wildlife Sanctuary,Andaman and Nicobar Islands,https://en.wikipedia.org/wiki/Shearme_Island_Wildlife_Sanctuary?action=edit&redlink=1,1987,7.85,Andaman
Sir Hugh Rose Island Wildlife Sanctuary,Wildlife Sanctuary,Andaman and Nicobar Islands,https://en.wikipedia.org/wiki/Sir_Hugh_Rose_Island_Wildlife_Sanctuary?action=edit&redlink=1,1987,1.06,Andaman
Sisters Island Wildlife Sanctuary,Wildlife Sanctuary,Andaman and Nicobar Islands,https://en.wikipedia.org/wiki/Sisters_Island_Wildlife_Sanctuary?action=edit&redlink=1,1987,0.36,Andaman
Snake Island‑I Wildlife Sanctuary,Wildlife Sanctuary,Andaman and Nicobar Islands,https://en.wikipedia.org/wiki/Snake_Island‑I_Wildlife_Sanctuary?action=edit&redlink=1,1987,0.73,Andaman
Snake Island‑II Wildlife Sanctuary,Wildlife Sanctuary,Andaman and Nicobar Islands,https://en.wikipedia.org/wiki/Snake_Island‑II_Wildlife_Sanctuary?action=edit&redlink=1,1987,0.03,Andaman
South Brother Island Wildlife Sanctuary,Wildlife Sanctuary,Andaman and Nicobar Islands,https://en.wikipedia.org/wiki/South_Brother_Island_Wildlife_Sanctuary?action=edit&redlink=1,1987,1.24,Andaman
South Reef Island Wildlife Sanctuary,Wildlife Sanctuary,Andaman and Nicobar Islands,https://en.wikipedia.org/wiki/South_Reef_Island_Wildlife_Sanctuary?action=edit&redlink=1,1987,1.17,Andaman
South Sentinel Island Wildlife Sanctuary,Wildlife Sanctuary,Andaman and Nicobar Islands,https://en.wikipedia.org/wiki/South_Sentinel_Island_Wildlife_Sanctuary?action=edit&redlink=1,1987,1.61,Andaman
Spike Island‑I Wildlife Sanctuary,Wildlife Sanctuary,Andaman and Nicobar Islands,https://en.wikipedia.org/wiki/Spike_Island‑I_Wildlife_Sanctuary?action=edit&redlink=1,1987,0.42,Andaman
Spike Island‑II Wildlife Sanctuary,Wildlife Sanctuary,Andaman and Nicobar Islands,https://en.wikipedia.org/wiki/Spike_Island‑II_Wildlife_Sanctuary?action=edit&redlink=1,1987,11.7,Andaman
Stoat Island Wildlife Sanctuary,Wildlife Sanctuary,Andaman and Nicobar Islands,https://en.wikipedia.org/wiki/Stoat_Island_Wildlife_Sanctuary?action=edit&redlink=1,1987,0.44,Andaman
Surat Island Wildlife Sanctuary,Wildlife Sanctuary,Andaman and Nicobar Islands,https://en.wikipedia.org/wiki/Surat_Island_Wildlife_Sanctuary?action=edit&redlink=1,1987,0.31,Andaman
Swamp Island Wildlife Sanctuary,Wildlife Sanctuary,Andaman and Nicobar Islands,https://en.wikipedia.org/wiki/Swamp_Island_Wildlife_Sanctuary?action=edit&redlink=1,1987,4.09,Andaman
Table (Delgarno) Island Wildlife Sanctuary,Wildlife Sanctuary,Andaman and Nicobar Islands,https://en.wikipedia.org/wiki/Table_(Delgarno)_Island_Wildlife_Sanctuary?action=edit&redlink=1,1987,2.29,Andaman
Table (Excelsior) Island Wildlife Sanctuary,Wildlife Sanctuary,Andaman and Nicobar Islands,https://en.wikipedia.org/wiki/Table_(Excelsior)_Island_Wildlife_Sanctuary?action=edit&redlink=1,1987,1.69,Andaman
Talabaicha Island Wildlife Sanctuary,Wildlife Sanctuary,Andaman and Nicobar Islands,https://en.wikipedia.org/wiki/Talabaicha_Island_Wildlife_Sanctuary?action=edit&redlink=1,1987,3.21,Andaman
Temple Island Wildlife Sanctuary,Wildlife Sanctuary,Andaman and Nicobar Islands,https://en.wikipedia.org/wiki/Temple_Island_Wildlife_Sanctuary?action=edit&redlink=1,1987,1.04,Andaman
Tillongchang Island Wildlife Sanctuary,Wildlife Sanctuary,Andaman and Nicobar Islands,https://en.wikipedia.org/wiki/Tillongchang_Island_Wildlife_Sanctuary?action=edit&redlink=1,1985,16.83,Nicobar
Tree Island Wildlife Sanctuary,Wildlife Sanctuary,Andaman and Nicobar Islands,https://en.wikipedia.org/wiki/Tree_Island_Wildlife_Sanctuary?action=edit&redlink=1,1987,0.03,Andaman
Trilby Island Wildlife Sanctuary,Wildlife Sanctuary,Andaman and Nicobar Islands,https://en.wikipedia.org/wiki/Trilby_Island_Wildlife_Sanctuary?action=edit&redlink=1,1987,0.96,Andaman
Tuft Island Wildlife Sanctuary,Wildlife Sanctuary,Andaman and Nicobar Islands,https://en.wikipedia.org/wiki/Tuft_Island_Wildlife_Sanctuary?action=edit&redlink=1,1987,0.29,Andaman
Turtle Islands Wildlife Sanctuary,Wildlife Sanctuary,Andaman and Nicobar Islands,https://en.wikipedia.org/wiki/Turtle_Islands_Wildlife_Sanctuary,1987,0.39,Andaman
West Island Wildlife Sanctuary,Wildlife Sanctuary,Andaman and Nicobar Islands,https://en.wikipedia.org/wiki/West_Island_Wildlife_Sanctuary?action=edit&redlink=1,1987,6.4,Andaman
Wharf Island Wildlife Sanctuary,Wildlife Sanctuary,Andaman and Nicobar Islands,https://en.wikipedia.org/wiki/Wharf_Island_Wildlife_Sanctuary?action=edit&redlink=1,1987,0.11,Andaman
White Cliff Island Wildlife Sanctuary,Wildlife Sanctuary,Andaman and Nicobar Islands,https://en.wikipedia.org/wiki/White_Cliff_Island_Wildlife_Sanctuary?action=edit&redlink=1,1987,0.47,Andaman
Coringa Wildlife Sanctuary,Wildlife Sanctuary,Andhra Pradesh,https://en.wikipedia.org/wiki/Coringa_Wildlife_Sanctuary,1978,235.7,East Godavari
Gundla Brahmeswaram Wildlife Sanctuary,Wildlife Sanctuary,Andhra Pradesh,https://en.wikipedia.org/wiki/Gundla_Brahmeswaram_Wildlife_Sanctuary,1990,1193.68,"Kurnool, Prakasam"
Kambalakonda Wildlife Sanctuary,Wildlife Sanctuary,Andhra Pradesh,https://en.wikipedia.org/wiki/Kambalakonda_Wildlife_Sanctuary,2002,71.39,Visakhapatnam
Koundinya Wildlife Sanctuary,Wildlife Sanctuary,Andhra Pradesh,https://en.wikipedia.org/wiki/Koundinya_Wildlife_Sanctuary,1990,357.6,Chittoor
Kolleru Wildlife Sanctuary,Wildlife Sanctuary,Andhra Pradesh,https://en.wikipedia.org/wiki/Kolleru_Wildlife_Sanctuary,1953,308.55,"Krishna, West Godavari"
Krishna Wildlife Sanctuary,Wildlife Sanctuary,Andhra Pradesh,https://en.wikipedia.org/wiki/Krishna_Wildlife_Sanctuary,1989,194.81,"Guntur, Krishna"
Nagarjunsagar-Srisailam Tiger Reserve,Tiger Reserve,Andhra Pradesh,https://en.wikipedia.org/wiki/Nagarjunsagar-Srisailam_Tiger_Reserve,1978,2131.31,"Nandyal, Palnadu, Prakasam"
Nelapattu Bird Sanctuary,Bird Sanctuary,Andhra Pradesh,https://en.wikipedia.org/wiki/Nelapattu_Bird_Sanctuary,1976,4.59,Tirupati
Pulicat Lake Bird Sanctuary,Bird Sanctuary,Andhra Pradesh,https://en.wikipedia.org/wiki/Pulicat_Lake_Bird_Sanctuary,1976,600,Tirupati
Rollapadu Wildlife Sanctuary,Wildlife Sanctuary,Andhra Pradesh,https://en.wikipedia.org/wiki/Rollapadu_Wildlife_Sanctuary,1988,6.14,Nandyal
Sri Lankamalleswara Wildlife Sanctuary,Wildlife Sanctuary,Andhra Pradesh,https://en.wikipedia.org/wiki/Sri_Lankamalleswara_Wildlife_Sanctuary,1988,464.43,Kadapa
Sri Penusila Narasimha Wildlife Sanctuary,Wildlife Sanctuary,Andhra Pradesh,https://en.wikipedia.org/wiki/Sri_Penusila_Narasimha_Wildlife_Sanctuary,1997,1030.85,Nellore
Sri Venkateswara Wildlife Sanctuary,Wildlife Sanctuary,Andhra Pradesh,https://en.wikipedia.org/wiki/Sri_Venkateswara_National_Park,1985,172.35,Tirupati
D'Ering Memorial Wildlife Sanctuary,Wildlife Sanctuary,Arunachal Pradesh,https://en.wikipedia.org/wiki/D'Ering_Memorial_Wildlife_Sanctuary,1978,190,East Siang
Dibang Wildlife Sanctuary,Wildlife Sanctuary,Arunachal Pradesh,https://en.wikipedia.org/wiki/Dibang_Wildlife_Sanctuary,1991,4149,Dibang Valley
Eaglenest Wildlife Sanctuary,Wildlife Sanctuary,Arunachal Pradesh,https://en.wikipedia.org/wiki/Eaglenest_Wildlife_Sanctuary,1989,217,West Kameng
Itanagar Wildlife Sanctuary,Wildlife Sanctuary,Arunachal Pradesh,https://en.wikipedia.org/wiki/Itanagar_Wildlife_Sanctuary,1978,140.3,Papum Pare
Kamala Wildlife Sanctuary,Wildlife Sanctuary,Arunachal Pradesh,https://en.wikipedia.org/wiki/Kamala_Wildlife_Sanctuary,2015,77.61,Upper Subansiri
Kamlang Wildlife Sanctuary,Wildlife Sanctuary,Arunachal Pradesh,https://en.wikipedia.org/wiki/Kamlang_Wildlife_Sanctuary,1989,783,Lohit
Kane Wildlife Sanctuary,Wildlife Sanctuary,Arunachal Pradesh,https://en.wikipedia.org/wiki/Kane_Wildlife_Sanctuary,1991,31,West Siang
Mehao Wildlife Sanctuary,Wildlife Sanctuary,Arunachal Pradesh,https://en.wikipedia.org/wiki/Mehao_Wildlife_Sanctuary,1980,281.5,Dibang Valley
Pakke Tiger Reserve,Tiger Reserve,Arunachal Pradesh,https://en.wikipedia.org/wiki/Pakke_Tiger_Reserve,1977,861.95,East Kameng
Ringba-Roba Wildlife Sanctuary,Wildlife Sanctuary,Arunachal Pradesh,https://en.wikipedia.org/wiki/Ringba-Roba_Wildlife_Sanctuary,2015,49.2,East Kameng
Sessa Orchid Wildlife Sanctuary,Wildlife Sanctuary,Arunachal Pradesh,https://en.wikipedia.org/wiki/Sessa_Orchid_Wildlife_Sanctuary,1989,100,West Kameng
Talle Valley Wildlife Sanctuary,Wildlife Sanctuary,Arunachal Pradesh,https://en.wikipedia.org/wiki/Talle_Valley_Wildlife_Sanctuary,1995,337,Lower Subansiri
Yordi Rabe Supse Wildlife Sanctuary,Wildlife Sanctuary,Arunachal Pradesh,https://en.wikipedia.org/wiki/Yordi_Rabe_Supse_Wildlife_Sanctuary,1996,397,West Siang
Amchang Wildlife Sanctuary,Wildlife Sanctuary,Assam,https://en.wikipedia.org/wiki/Amchang_Wildlife_Sanctuary,2004,78.64,Kamrup
Barnadi Wildlife Sanctuary,Wildlife Sanctuary,Assam,https://en.wikipedia.org/wiki/Barnadi_Wildlife_Sanctuary,1980,26.22,Darrang
Bherjan-Borajan-Padumoni Wildlife Sanctuary,Wildlife Sanctuary,Assam,https://en.wikipedia.org/wiki/Bherjan-Borajan-Padumoni_Wildlife_Sanctuary,1999,7.22,Tinsukia
Borail Wildlife Sanctuary,Wildlife Sanctuary,Assam,https://en.wikipedia.org/wiki/Borail_Wildlife_Sanctuary,2004,326.24,Cachar
Burachapori Wildlife Sanctuary,Wildlife Sanctuary,Assam,https://en.wikipedia.org/wiki/Burachapori_Wildlife_Sanctuary,1995,44.06,Sonitpur
Chakrashila Wildlife Sanctuary,Wildlife Sanctuary,Assam,https://en.wikipedia.org/wiki/Chakrashila_Wildlife_Sanctuary,1994,45.56,Dhubri
Deepar Beel Wildlife Sanctuary,Wildlife Sanctuary,Assam,https://en.wikipedia.org/wiki/Deepar_Beel_Wildlife_Sanctuary,1989,4.41,Kamrup
East Karbi-Anglong Wildlife Sanctuary,Wildlife Sanctuary,Assam,https://en.wikipedia.org/wiki/East_Karbi-Anglong_Wildlife_Sanctuary,2000,221.81,Karbi-Anglong
Garampani Wildlife Sanctuary,Wildlife Sanctuary,Assam,https://en.wikipedia.org/wiki/Garampani_Wildlife_Sanctuary,1952,6.05,Karbi-Anglong
Hoollongapar Gibbon Sanctuary,Wildlife Sanctuary,Assam,https://en.wikipedia.org/wiki/Hoollongapar_Gibbon_Sanctuary,1997,20.98,Jorhat
Laokhowa Wildlife Sanctuary,Wildlife Sanctuary,Assam,https://en.wikipedia.org/wiki/Laokhowa_Wildlife_Sanctuary,1972,70.13,Nagaon
Marat Longri Wildlife Sanctuary,Wildlife Sanctuary,Assam,https://en.wikipedia.org/wiki/Marat_Longri_Wildlife_Sanctuary,2003,451,Karbi-Anglong
Nambor Wildlife Sanctuary,Wildlife Sanctuary,Assam,https://en.wikipedia.org/wiki/Nambor_Wildlife_Sanctuary,2000,37,Karbi-Anglong
Nambor - Doigrung Wildlife Sanctuary,Wildlife Sanctuary,Assam,https://en.wikipedia.org/wiki/Nambor_-_Doigrung_Wildlife_Sanctuary,2003,97.15,Karbi-Anglong
Pabitora Wildlife Sanctuary,Wildlife Sanctuary,Assam,https://en.wikipedia.org/wiki/Pabitora_Wildlife_Sanctuary,1987,38.81,Marigaon
Pani Dihing Wildlife Sanctuary,Wildlife Sanctuary,Assam,https://en.wikipedia.org/wiki/Pani_Dihing_Wildlife_Sanctuary,1995,33.93,Sibsagar
Sonai Rupai Wildlife Sanctuary,Wildlife Sanctuary,Assam,https://en.wikipedia.org/wiki/Sonai_Rupai_Wildlife_Sanctuary,1998,220,Sonitpur
Barela Bird Sanctuary,Bird Sanctuary,Bihar,https://en.wikipedia.org/wiki/Barela_Bird_Sanctuary,1997,1.979,Vaishali
Bhimbandh Wildlife Sanctuary,Wildlife Sanctuary,Bihar,https://en.wikipedia.org/wiki/Bhimbandh_Wildlife_Sanctuary,1976,681.9,Munger
Gautam Budha Wildlife Sanctuary,Wildlife Sanctuary,Bihar,https://en.wikipedia.org/wiki/Gautam_Budha_Wildlife_Sanctuary,1976,138.33,Gaya
Kaimur Wildlife Sanctuary,Wildlife Sanctuary,Bihar,https://en.wikipedia.org/wiki/Kaimur_Wildlife_Sanctuary,1979,1504.96,Rohtas
Kanwarjheel Wildlife Sanctuary,Wildlife Sanctuary,Bihar,https://en.wikipedia.org/wiki/Kanwarjheel_Wildlife_Sanctuary,1989,63.11,Begusarai
Kusheshwar Asthan Bird Wildlife Sanctuary,Bird Sanctuary,Bihar,https://en.wikipedia.org/wiki/Kusheshwar_Asthan_Bird_Wildlife_Sanctuary,1994,29.21,Darbhanga
Nagi Dam Wildlife Sanctuary,Wildlife Sanctuary,Bihar,https://en.wikipedia.org/wiki/Nagi_Bird_Sanctuary,1987,1.92,Jamui
Nakti Dam Wildlife Sanctuary,Wildlife Sanctuary,Bihar,https://en.wikipedia.org/wiki/Nakti_Dam_Wildlife_Sanctuary,1987,3.33,Jamui
Pant Wildlife Sanctuary,Wildlife Sanctuary,Bihar,https://en.wikipedia.org/wiki/Pant_Wildlife_Sanctuary,1978,35.84,Nalanda
Rajauli Wildlife Sanctuary,Wildlife Sanctuary,Bihar,https://en.wikipedia.org/wiki/Rajauli_Wildlife_Sanctuary,2019,27.27,Nawada
Udaypur Wildlife Sanctuary,Wildlife Sanctuary,Bihar,https://en.wikipedia.org/wiki/Udaypur_Wildlife_Sanctuary,1978,8.87,Pashchim Champaran
Valmiki Wildlife Sanctuary,Wildlife Sanctuary,Bihar,https://en.wikipedia.org/wiki/Valmiki_Wildlife_Sanctuary,1978,880.78,Pashchim Champaran
Vikramshila Gangetic Dolphin Sanctuary,Wildlife Sanctuary,Bihar,https://en.wikipedia.org/wiki/Vikramshila_Gangetic_Dolphin_Sanctuary,1990,60,Bhagalpur
City Birds Wildlife Sanctuary,Bird Sanctuary,Chandigarh,"https://en.wikipedia.org/wiki/Parrot_Bird_Sanctuary,_Chandigarh",1998,0.03,Chandigarh
Sukhna Wildlife Sanctuary,Wildlife Sanctuary,Chandigarh,https://en.wikipedia.org/wiki/Sukhna_Wildlife_Sanctuary,1986,25.98,Chandigarh
Achanakmar Wildlife Sanctuary,Wildlife Sanctuary,Chhattisgarh,https://en.wikipedia.org/wiki/Achanakmar_Wildlife_Sanctuary,1975,551.55,Bilaspur
Badalkhol Wildlife Sanctuary,Wildlife Sanctuary,Chhattisgarh,https://en.wikipedia.org/wiki/Badalkhol_Wildlife_Sanctuary,1975,104.45,Jashpur
Barnawapara Wildlife Sanctuary,Wildlife Sanctuary,Chhattisgarh,https://en.wikipedia.org/wiki/Barnawapara_Wildlife_sanctuary,1976,244.66,Raipur
Bhairamgarh Wildlife Sanctuary,Wildlife Sanctuary,Chhattisgarh,https://en.wikipedia.org/wiki/Bhairamgarh_Wildlife_Sanctuary,1983,138.95,Bijapur
Bhoramdev Wildlife Sanctuary,Wildlife Sanctuary,Chhattisgarh,https://en.wikipedia.org/wiki/Bhoramdev_Wildlife_Sanctuary,2001,351.24,Kawardha
Gomardha Wildlife Sanctuary,Wildlife Sanctuary,Chhattisgarh,https://en.wikipedia.org/wiki/Gomardha_Wildlife_Sanctuary,1975,277.82,Raigarh
Pamed Wildlife Sanctuary,Wildlife Sanctuary,Chhattisgarh,https://en.wikipedia.org/wiki/Pamed_Wildlife_Sanctuary,1985,262.12,Bijapur
Semarsot Wildlife Sanctuary,Wildlife Sanctuary,Chhattisgarh,https://en.wikipedia.org/wiki/Semarsot_Wildlife_Sanctuary,1978,430.35,Surguja
Sitanadi Wildlife Sanctuary,Wildlife Sanctuary,Chhattisgarh,https://en.wikipedia.org/wiki/Sitanadi_Wildlife_Sanctuary,1974,553.36,Dhamtari
Tamor Pingla Wildlife Sanctuary,Wildlife Sanctuary,Chhattisgarh,https://en.wikipedia.org/wiki/Tamor_Pingla_Wildlife_Sanctuary,1978,608.51,Surguja
Udanti Wildlife Sanctuary,Wildlife Sanctuary,Chhattisgarh,https://en.wikipedia.org/wiki/Udanti_Wildlife_Sanctuary,1983,247.59,Gariaband
Dadra and Nagar Haveli Wildlife Sanctuary,Wildlife Sanctuary,Dadra Nagar Haveli and Daman and Diu,https://en.wikipedia.org/wiki/Dadra_and_Nagar_Haveli_Wildlife_Sanctuary,2000,92.16,Dadra and Nagar Haveli
Fudam Bird Sanctuary,Bird Sanctuary,Dadra Nagar Haveli and Daman and Diu,https://en.wikipedia.org/wiki/Fudam_Bird_Sanctuary,1991,2.18,Diu
Asola Bhatti Wildlife Sanctuary,Wildlife Sanctuary,Delhi,https://en.wikipedia.org/wiki/Asola_Bhatti_Wildlife_Sanctuary,1992,27.82,South Delhi
Bhagwan Mahavir Sanctuary,Wildlife Sanctuary,Goa,https://en.wikipedia.org/wiki/Bhagwan_Mahavir_Sanctuary,1967,133,North Goa
Bondla Wildlife Sanctuary,Wildlife Sanctuary,Goa,https://en.wikipedia.org/wiki/Bondla_Wildlife_Sanctuary,1969,8,North Goa
Cotigao Wildlife Sanctuary,Wildlife Sanctuary,Goa,https://en.wikipedia.org/wiki/Cotigao_Wildlife_Sanctuary,1968,85.65,South Goa
Madei Wildlife Sanctuary,Wildlife Sanctuary,Goa,https://en.wikipedia.org/wiki/Madei_Wildlife_Sanctuary,1999,208.48,North Goa
Netravali Wildlife Sanctuary,Wildlife Sanctuary,Goa,https://en.wikipedia.org/wiki/Netravali_Wildlife_Sanctuary,1999,211.05,South Goa
Salim Ali Bird Sanctuary,Bird Sanctuary,Goa,https://en.wikipedia.org/wiki/Salim_Ali_Bird_Sanctuary,1988,1.78,North Goa
Balaram Ambaji Wildlife Sanctuary,Wildlife Sanctuary,Gujarat,https://en.wikipedia.org/wiki/Balaram_Ambaji_Wildlife_Sanctuary,1989,542.08,Banaskantha
Barda Wildlife Sanctuary,Wildlife Sanctuary,Gujarat,https://en.wikipedia.org/wiki/Barda_Wildlife_Sanctuary,1979,192.31,"Jamnagar, Porbandar"
Gaga Wildlife Sanctuary,Wildlife Sanctuary,Gujarat,https://en.wikipedia.org/wiki/Gaga_Wildlife_Sanctuary,1988,3.33,Jamnagar
Gir Wildlife Sanctuary,Wildlife Sanctuary,Gujarat,https://en.wikipedia.org/wiki/Gir_Wildlife_Sanctuary,1965,1153.42,"Amreli, Junagadh"
Girnar Wildlife Sanctuary,Wildlife Sanctuary,Gujarat,https://en.wikipedia.org/wiki/Girnar_Wildlife_Sanctuary,2008,178.8,Junagadh
Hingolgadh Wildlife Sanctuary,Wildlife Sanctuary,Gujarat,https://en.wikipedia.org/wiki/Hingolgadh_Sanctuary,1980,6.54,Rajkot
Jambughoda Wildlife Sanctuary,Wildlife Sanctuary,Gujarat,https://en.wikipedia.org/wiki/Jambughoda_Wildlife_Sanctuary,1990,130.38,Godhra
Jessore Sloth Bear Sanctuary,Wildlife Sanctuary,Gujarat,https://en.wikipedia.org/wiki/Jessore_Sloth_Bear_Sanctuary,1978,180.66,Banaskantha
Khijadiya Bird Sanctuary,Bird Sanctuary,Gujarat,https://en.wikipedia.org/wiki/Khijadiya_Bird_Sanctuary,1981,6.05,Jamnagar
Kutch Bustard Sanctuary,Wildlife Sanctuary,Gujarat,https://en.wikipedia.org/wiki/Kutch_Bustard_Sanctuary,1995,2.03,Kachchh
Kutch Desert Wildlife Sanctuary,Wildlife Sanctuary,Gujarat,https://en.wikipedia.org/wiki/Kutch_Desert_Wildlife_Sanctuary,1986,7506.22,Kachchh
Marine Wildlife Sanctuary,Wildlife Sanctuary,Gujarat,"https://en.wikipedia.org/wiki/Marine_National_Park,_Gulf_of_Kutch",1980,295.03,Jamnagar
Mitiyala Wildlife Sanctuary,Wildlife Sanctuary,Gujarat,https://en.wikipedia.org/wiki/Mitiyala_Wildlife_Sanctuary,2004,18.22,Junagadh
Nal Sarovar Bird Sanctuary,Bird Sanctuary,Gujarat,https://en.wikipedia.org/wiki/Nal_Sarovar_Bird_Sanctuary,1969,120.82,"Ahmedabad, Surendranagar"
Narayan Sarovar Wildlife Sanctuary,Wildlife Sanctuary,Gujarat,https://en.wikipedia.org/wiki/Narayan_Sarovar_Sanctuary,1995,442.91,Kachchh
Pania Wildlife Sanctuary,Wildlife Sanctuary,Gujarat,https://en.wikipedia.org/wiki/Pania_Wildlife_Sanctuary,1989,39.63,Amreli
Porbandar Bird Sanctuary,Bird Sanctuary,Gujarat,https://en.wikipedia.org/wiki/Porbandar_Bird_Sanctuary,1988,0.09,Porbandar
Purna Wildlife Sanctuary,Wildlife Sanctuary,Gujarat,https://en.wikipedia.org/wiki/Purna_Wildlife_Sanctuary,1990,160.84,Dangs
Rampara Wildlife Sanctuary,Wildlife Sanctuary,Gujarat,https://en.wikipedia.org/wiki/Rampara_Sanctuary,1988,15.01,Rajkot
Ratanmahal Wildlife Sanctuary,Wildlife Sanctuary,Gujarat,https://en.wikipedia.org/wiki/Ratanmahal_Wildlife_Sanctuary,1982,55.65,Dahod
Shoolpaneshwar Wildlife Sanctuary,Wildlife Sanctuary,Gujarat,https://en.wikipedia.org/wiki/Shoolpaneshwar_Wildlife_Sanctuary,1982,607.7,Bharuch
Thol Lake Bird Sanctuary,Bird Sanctuary,Gujarat,https://en.wikipedia.org/wiki/Thol_Lake_Bird_Sanctuary,1988,6.99,Mahesana
Wild Ass Wildlife Sanctuary,Wildlife Sanctuary,Gujarat,https://en.wikipedia.org/wiki/Wild_Ass_Wildlife_Sanctuary,1973,4953.71,"Banaskantha, Kachchh, Mahesana, Patan, Rajkot, Surendranagar"
Abubshahar Wildlife Sanctuary,Wildlife Sanctuary,Haryana,https://en.wikipedia.org/wiki/Abubshahar_Wildlife_Sanctuary,1987,115.31,Sirsa
Bhindawas Wildlife Sanctuary,Wildlife Sanctuary,Haryana,https://en.wikipedia.org/wiki/Bhindawas_Wildlife_Sanctuary,1986,4.12,Jhajjar
Bir Shikargah Wildlife Sanctuary,Wildlife Sanctuary,Haryana,https://en.wikipedia.org/wiki/Bir_Shikargah_Wildlife_Sanctuary,1987,7.67,Panchkula
Chhilchhila Wildlife Sanctuary,Wildlife Sanctuary,Haryana,https://en.wikipedia.org/wiki/Chhilchhila_Wildlife_Sanctuary,1986,0.29,Kaithal
Kalesar Wildlife Sanctuary,Wildlife Sanctuary,Haryana,https://en.wikipedia.org/wiki/Kalesar_National_Park,1996,54.36,Yamuna Nagar
Khaparwas Wildlife Sanctuary,Wildlife Sanctuary,Haryana,https://en.wikipedia.org/wiki/Khaparwas_Wildlife_Sanctuary,1991,0.83,Jhajjar
Khol Hi-Raitan Wildlife Sanctuary,Wildlife Sanctuary,Haryana,https://en.wikipedia.org/wiki/Khol_Hi-Raitan_Wildlife_Sanctuary,2004,48.83,Panchkula
Nahar Wildlife Sanctuary,Wildlife Sanctuary,Haryana,https://en.wikipedia.org/wiki/Nahar_Wildlife_Sanctuary,1987,2.11,Rewari
Bandli Wildlife Sanctuary,Wildlife Sanctuary,Himachal Pradesh,https://en.wikipedia.org/wiki/Bandli_Wildlife_Sanctuary,1962,32.11,Mandi
Chail Wildlife Sanctuary,Wildlife Sanctuary,Himachal Pradesh,https://en.wikipedia.org/wiki/Chail_Wildlife_Sanctuary,1976,16,Sirmaur
Chandratal Wildlife Sanctuary,Wildlife Sanctuary,Himachal Pradesh,https://en.wikipedia.org/wiki/Chandratal_Wildlife_Sanctuary,2007,38.56,Lahaul and Spiti
Churdhar Wildlife Sanctuary,Wildlife Sanctuary,Himachal Pradesh,https://en.wikipedia.org/wiki/Churdhar_Wildlife_Sanctuary,1985,55.52,Sirmaur
Daranghati Wildlife Sanctuary,Wildlife Sanctuary,Himachal Pradesh,https://en.wikipedia.org/wiki/Daranghati_Sanctuary,1962,171.5,Shimla
Dhauladhar Wildlife Sanctuary,Wildlife Sanctuary,Himachal Pradesh,https://en.wikipedia.org/wiki/Dhauladhar_Wildlife_Sanctuary,1994,982.96,Kangra
Gamgul Siahbehi Wildlife Sanctuary,Wildlife Sanctuary,Himachal Pradesh,https://en.wikipedia.org/wiki/Gamgul_Siyabehi_Wildlife_Sanctuary,1962,108.4,Chamba
Kais Wildlife Sanctuary,Wildlife Sanctuary,Himachal Pradesh,https://en.wikipedia.org/wiki/Kais_Wildlife_Sanctuary?action=edit&redlink=1,1954,12.61,Kullu
Kalatop Khajjiar Wildlife Sanctuary,Wildlife Sanctuary,Himachal Pradesh,https://en.wikipedia.org/wiki/Kalatop_Khajjiar_Wildlife_Sanctuary,1958,17.17,Chamba
Kanwar Wildlife Sanctuary,Wildlife Sanctuary,Himachal Pradesh,https://en.wikipedia.org/wiki/Kanwar_Wildlife_Sanctuary,1954,107.29,Kullu
Khokhan Wildlife Sanctuary,Wildlife Sanctuary,Himachal Pradesh,https://en.wikipedia.org/wiki/Khokhan_Wildlife_Sanctuary?action=edit&redlink=1,1954,14.94,Kullu
Kibber Wildlife Sanctuary,Wildlife Sanctuary,Himachal Pradesh,https://en.wikipedia.org/wiki/Kibber_Wildlife_Sanctuary,1992,2220.12,Lahul and Spiti
Kugti Wildlife Sanctuary,Wildlife Sanctuary,Himachal Pradesh,https://en.wikipedia.org/wiki/Kugti_Sanctuary,1962,405.49,Chamba
Lippa Asrang Wildlife Sanctuary,Wildlife Sanctuary,Himachal Pradesh,https://en.wikipedia.org/wiki/Lippa_Asrang_Wildlife_Sanctuary?action=edit&redlink=1,2001,31,Kinnaur
Majathal Wildlife Sanctuary,Wildlife Sanctuary,Himachal Pradesh,https://en.wikipedia.org/wiki/Majthal_Sanctuary,1954,30.86,Solan
Manali Wildlife Sanctuary,Wildlife Sanctuary,Himachal Pradesh,https://en.wikipedia.org/wiki/Manali_Wildlife_Sanctuary,1954,29,Kullu
Nargu Wildlife Sanctuary,Wildlife Sanctuary,Himachal Pradesh,https://en.wikipedia.org/wiki/Nargu_Wildlife_Sanctuary,1962,132.37,Mandi
Pong Dam Lake Wildlife Sanctuary,Wildlife Sanctuary,Himachal Pradesh,https://en.wikipedia.org/wiki/Pong_Dam_Lake_Wildlife_Sanctuary,1982,207.59,Kangra
Rakchham Chitkul Wildlife Sanctuary,Wildlife Sanctuary,Himachal Pradesh,https://en.wikipedia.org/wiki/Rakchham_Chitkul_Wildlife_Sanctuary,1989,304,Kinnaur
Renuka Wildlife Sanctuary,Wildlife Sanctuary,Himachal Pradesh,https://en.wikipedia.org/wiki/Renuka_Wildlife_Sanctuary,2013,3.87,Sirmaur
Rupi Bhaba Wildlife Sanctuary,Wildlife Sanctuary,Himachal Pradesh,https://en.wikipedia.org/wiki/Rupi_Bhaba_Wildlife_Sanctuary,1982,503,Kinnaur
Sainj Wildlife Sanctuary,Wildlife Sanctuary,Himachal Pradesh,https://en.wikipedia.org/wiki/Sainj_Wildlife_Sanctuary?action=edit&redlink=1,1994,90,Kullu
Sechu Tuan Nala Wildlife Sanctuary,Wildlife Sanctuary,Himachal Pradesh,https://en.wikipedia.org/wiki/Sechu_Tuan_Nala_Wildlife_Sanctuary,1962,390.29,Chamba
Shikari Devi Wildlife Sanctuary,Wildlife Sanctuary,Himachal Pradesh,https://en.wikipedia.org/wiki/Shikari_Devi_Wildlife_Sanctuary?action=edit&redlink=1,1962,29.94,Mandi
Shimla Wildlife Sanctuary,Wildlife Sanctuary,Himachal Pradesh,https://en.wikipedia.org/wiki/Shimla_Wildlife_Sanctuary?action=edit&redlink=1,1958,10,Shimla
Talra Wildlife Sanctuary,Wildlife Sanctuary,Himachal Pradesh,https://en.wikipedia.org/wiki/Talra_Wildlife_Sanctuary,1962,46.48,Shimla
Tirthan Wildlife Sanctuary,Wildlife Sanctuary,Himachal Pradesh,https://en.wikipedia.org/wiki/Tirthan_Wildlife_Sanctuary,1992,61,Kullu
Tundah Wildlife Sanctuary,Wildlife Sanctuary,Himachal Pradesh,https://en.wikipedia.org/wiki/Tundah_Wildlife_Sanctuary?action=edit&redlink=1,1999,64,Chamba
Baltal Thajwas Wildlife Sanctuary,Wildlife Sanctuary,Jammu and Kashmir,https://en.wikipedia.org/wiki/Baltal_Thajwas_Wildlife_Sanctuary,1987,203,Srinagar
Gulmarg Wildlife Sanctuary,Wildlife Sanctuary,Jammu and Kashmir,https://en.wikipedia.org/wiki/Gulmarg_Wildlife_Sanctuary,1987,180,Baramulla
Hirpora Wildlife Sanctuary,Wildlife Sanctuary,Jammu and Kashmir,https://en.wikipedia.org/wiki/Hirpora_Wildlife_Sanctuary,1987,341.25,Baramulla
Jasrota Wildlife Sanctuary,Wildlife Sanctuary,Jammu and Kashmir,https://en.wikipedia.org/wiki/Jasrota_Wildlife_Sanctuary?action=edit&redlink=1,1987,10.04,Kathua
Lachipora Wildlife Sanctuary,Wildlife Sanctuary,Jammu and Kashmir,https://en.wikipedia.org/wiki/Lachipora_Wildlife_Sanctuary?action=edit&redlink=1,1987,80,Baramulla
Limber Wildlife Sanctuary,Wildlife Sanctuary,Jammu and Kashmir,https://en.wikipedia.org/wiki/Limber_Wildlife_Sanctuary,1987,12,Baramulla
Nandini Wildlife Sanctuary,Wildlife Sanctuary,Jammu and Kashmir,https://en.wikipedia.org/wiki/Nandini_Wildlife_Sanctuary?action=edit&redlink=1,1990,33.34,Jammu
Overa-Aru Wildlife Sanctuary,Wildlife Sanctuary,Jammu and Kashmir,https://en.wikipedia.org/wiki/Overa-Aru_Wildlife_Sanctuary,1987,425,Anantnag
Rajparian Wildlife Sanctuary,Wildlife Sanctuary,Jammu and Kashmir,https://en.wikipedia.org/wiki/Rajparian_Wildlife_Sanctuary,1945,20,Anantnag
Ramnagar Rakha Wildlife Sanctuary,Wildlife Sanctuary,Jammu and Kashmir,https://en.wikipedia.org/wiki/Ramnagar_Rakha_Wildlife_Sanctuary?action=edit&redlink=1,1990,31.5,Jammu
Surinsar-Mansar Wildlife Sanctuary,Wildlife Sanctuary,Jammu and Kashmir,https://en.wikipedia.org/wiki/Mansar-Surinsar_Wildlife_Sanctuary,1990,97.82,Jammu
Tata Kutti Wildlife Sanctuary,Wildlife Sanctuary,Jammu and Kashmir,https://en.wikipedia.org/wiki/Tratte_Koot,2012,66.27,Jammu
Tral Wildlife Sanctuary,Wildlife Sanctuary,Jammu and Kashmir,https://en.wikipedia.org/wiki/Tral_Wildlife_Sanctuary,2019,154.15,Pulwama
Dalma Wildlife Sanctuary,Wildlife Sanctuary,Jharkhand,https://en.wikipedia.org/wiki/Dalma_Wildlife_Sanctuary,1976,193.22,Singhbhum East
Gautam Budha Wildlife Sanctuary,Wildlife Sanctuary,Jharkhand,https://en.wikipedia.org/wiki/Gautam_Budha_Wildlife_Sanctuary,1976,121.14,Koderma
Hazaribagh Wildlife Sanctuary,Wildlife Sanctuary,Jharkhand,https://en.wikipedia.org/wiki/Hazaribagh_Wildlife_Sanctuary,1976,186.25,Hazaribagh
Koderma Wildlife Sanctuary,Wildlife Sanctuary,Jharkhand,https://en.wikipedia.org/wiki/Koderma_Wildlife_Sanctuary,1985,177.35,Koderma
Lawalong Wildlife Sanctuary,Wildlife Sanctuary,Jharkhand,https://en.wikipedia.org/wiki/Lawalong_Wildlife_Sanctuary,1978,211.03,Chatra
Mahuadanr Wildlife Sanctuary,Wildlife Sanctuary,Jharkhand,https://en.wikipedia.org/wiki/Mahuadanr_Wolf_Sanctuary,1976,63.26,Palamau
Palamau Wildlife Sanctuary,Wildlife Sanctuary,Jharkhand,https://en.wikipedia.org/wiki/Palamau_Tiger_Reserve,1976,752.94,Palamau
Palkot Wildlife Sanctuary,Wildlife Sanctuary,Jharkhand,https://en.wikipedia.org/wiki/Palkot_Wildlife_Sanctuary,1990,182.83,Gumla
Parasnath Wildlife Sanctuary,Wildlife Sanctuary,Jharkhand,https://en.wikipedia.org/wiki/Parasnath_Wildlife_Sanctuary?action=edit&redlink=1,1984,49.33,Giridih
Topchanchi Wildlife Sanctuary,Wildlife Sanctuary,Jharkhand,https://en.wikipedia.org/wiki/Topchanchi_Wildlife_Sanctuary,1978,12.82,Dhanbad
Udhwa Lake Wildlife Sanctuary,Wildlife Sanctuary,Jharkhand,https://en.wikipedia.org/wiki/Udhwa_Lake_Wildlife_Sanctuary?action=edit&redlink=1,1991,5.65,Sahebganj
Adichunchunagiri Wildlife Sanctuary,Wildlife Sanctuary,Karnataka,https://en.wikipedia.org/wiki/Adichunchanagiri_Peacock_Wildlife_Sanctuary,1981,0.84,Mandya
Arabithittu Wildlife Sanctuary,Wildlife Sanctuary,Karnataka,https://en.wikipedia.org/wiki/Arabithittu_Wildlife_Sanctuary,1985,13.5,Mysore
Arsikere Sloth Bear Wildlife Sanctuary,Wildlife Sanctuary,Karnataka,https://en.wikipedia.org/wiki/Arsikere_Sloth_Bear_Wildlife_Sanctuary?action=edit&redlink=1,2023,100.88,Hassan
Attiveri Bird Sanctuary,Bird Sanctuary,Karnataka,https://en.wikipedia.org/wiki/Attiveri_Bird_Sanctuary,1994,2.23,Uttara Kannada
Bankapura Wolf Wildlife Sanctuary,Wildlife Sanctuary,Karnataka,https://en.wikipedia.org/wiki/Bankapura_Wolf_Wildlife_Sanctuary?action=edit&redlink=1,2023,3.32,Koppal
Bhadra Wildlife Sanctuary,Wildlife Sanctuary,Karnataka,https://en.wikipedia.org/wiki/Bhadra_Wildlife_Sanctuary,1974,500.16,"Chikmagalur, Shimoga"
Bhimgad Wildlife Sanctuary,Wildlife Sanctuary,Karnataka,https://en.wikipedia.org/wiki/Bhimgad_Wildlife_Sanctuary,2010,190.42,Belgavi
Biligiri Rangaswamy Temple Wildlife Sanctuary,Wildlife Sanctuary,Karnataka,https://en.wikipedia.org/wiki/Biligiriranga_Hills,1987,539.52,Chamarajanagar
Brahmagiri Wildlife Sanctuary,Wildlife Sanctuary,Karnataka,https://en.wikipedia.org/wiki/Brahmagiri_Wildlife_Sanctuary,1974,181.29,Kodagu
Bukkapatna Chinkara Wildlife Sanctuary,Wildlife Sanctuary,Karnataka,https://en.wikipedia.org/wiki/Bukkapatna_Chinkara_Wildlife_Sanctuary,2019,148,Tumakuru
Cauvery Extension Wildlife Sanctuary,Wildlife Sanctuary,Karnataka,https://en.wikipedia.org/wiki/Cauvery_Extension_Wildlife_Sanctuary?action=edit&redlink=1,,,
Cauvery Wildlife Sanctuary,Wildlife Sanctuary,Karnataka,https://en.wikipedia.org/wiki/Cauvery_Wildlife_Sanctuary,1987,1027.53,"Chamarajanagar, Mandya, Ramanagar"
Chincholi Wildlife Sanctuary,Wildlife Sanctuary,Karnataka,https://en.wikipedia.org/wiki/Chincholi_Wildlife_Sanctuary,2011,134.88,Kalaburagi
Dandeli Wildlife Sanctuary,Wildlife Sanctuary,Karnataka,https://en.wikipedia.org/wiki/Dandeli_Wildlife_Sanctuary,1987,886.41,Uttara Kannada
Daroji Sloth Bear Sanctuary,Wildlife Sanctuary,Karnataka,https://en.wikipedia.org/wiki/Daroji_Sloth_Bear_Sanctuary,1992,82.72,Dharwar
Ghataprabha Wildlife Sanctuary,Wildlife Sanctuary,Karnataka,https://en.wikipedia.org/wiki/Ghataprabha_Wildlife_Sanctuary,1974,29.78,Belgaum
Gudavi Bird Sanctuary,Bird Sanctuary,Karnataka,https://en.wikipedia.org/wiki/Gudavi_Bird_Sanctuary,1989,0.73,Shimoga
Gudekote Extension Wildlife Sanctuary,Wildlife Sanctuary,Karnataka,https://en.wikipedia.org/wiki/Gudekote_Extension_Wildlife_Sanctuary?action=edit&redlink=1,2019,120.04,Ballari
Gudekote Wildlife Sanctuary,Wildlife Sanctuary,Karnataka,https://en.wikipedia.org/wiki/Gudekote_Wildlife_Sanctuary,2013,47.16,Ballari
Jogimatti Wildlife Sanctuary,Wildlife Sanctuary,Karnataka,https://en.wikipedia.org/wiki/Jogimatti_Wildlife_Sanctuary,2015,100.48,Chitradurga
Kamasandra Wildlife Sanctuary,Wildlife Sanctuary,Karnataka,https://en.wikipedia.org/wiki/Kamasandra_Wildlife_Sanctuary?action=edit&redlink=1,2019,78.62,Ramanagara
Kappathagudda Wildlife Sanctuary,Wildlife Sanctuary,Karnataka,https://en.wikipedia.org/wiki/Kappatagudda_Wildlife_Sanctuary,2019,244.15,Gadag
Malai Mahadeshwara Wildlife Sanctuary,Wildlife Sanctuary,Karnataka,https://en.wikipedia.org/wiki/Malai_Mahadeshwara_Wildlife_Sanctuary,2013,906.19,Chamarajanagar
Melkote Temple Wildlife Sanctuary,Wildlife Sanctuary,Karnataka,https://en.wikipedia.org/wiki/Melkote_Temple_Wildlife_Sanctuary,1974,49.82,Mandya
Mookambika Wildlife Sanctuary,Wildlife Sanctuary,Karnataka,https://en.wikipedia.org/wiki/Mookambika_Wildlife_Sanctuary,1974,370.37,Udipi
Nugu Wildlife Sanctuary,Wildlife Sanctuary,Karnataka,https://en.wikipedia.org/wiki/Nugu_Wildlife_Sanctuary,1974,30.32,Mysore
Pushpagiri Wildlife Sanctuary,Wildlife Sanctuary,Karnataka,https://en.wikipedia.org/wiki/Pushpagiri_Wildlife_Sanctuary,1987,102.92,"Dakshina Kannada, Kodagu"
Ramadevarabetta Vulture Sanctuary,Wildlife Sanctuary,Karnataka,https://en.wikipedia.org/wiki/Ramadevarabetta_Vulture_Sanctuary,2012,3.46,Ramanagara
Ranganathittu Bird Sanctuary,Bird Sanctuary,Karnataka,https://en.wikipedia.org/wiki/Ranganathittu_Bird_Sanctuary,1940,0.67,Mysore
Rangayyanadurga Wildlife Sanctuary,Wildlife Sanctuary,Karnataka,https://en.wikipedia.org/wiki/Rangayyanadurga_Four-horned_antelope_Wildlife_Sanctuary,2011,77.23,Davanagere
Ranibennur Blackbuck Sanctuary,Wildlife Sanctuary,Karnataka,https://en.wikipedia.org/wiki/Ranibennur_Blackbuck_Sanctuary,1974,119,Dharwad
Sharavati Valley Wildlife Sanctuary,Wildlife Sanctuary,Karnataka,https://en.wikipedia.org/wiki/Sharavathi_LTM_Wildlife_Sanctuary,1974,930.16,Shimoga
Shettihalli Wildlife Sanctuary,Wildlife Sanctuary,Karnataka,https://en.wikipedia.org/wiki/Shettihalli_Wildlife_Sanctuary,1974,395.6,Shimoga
Someshwara Wildlife Sanctuary,Wildlife Sanctuary,Karnataka,https://en.wikipedia.org/wiki/Someshwara_Wildlife_Sanctuary,1974,314.25,Udipi
Talakaveri Wildlife Sanctuary,Wildlife Sanctuary,Karnataka,https://en.wikipedia.org/wiki/Talakaveri_Wildlife_Sanctuary,1987,105.59,Kodagu
Thimlapura Wildlife Sanctuary,Wildlife Sanctuary,Karnataka,https://en.wikipedia.org/wiki/Thimlapura_Wildlife_Sanctuary,2016,50.86,Tumkur
Uttaregudda Wildlife Sanctuary,Wildlife Sanctuary,Karnataka,https://en.wikipedia.org/wiki/Uttaregudda_Wildlife_Sanctuary?action=edit&redlink=1,2023,189.26,Chitradurga
Yadahalli Chinkara Wildlife Sanctuary,Wildlife Sanctuary,Karnataka,https://en.wikipedia.org/wiki/Yadahalli_Chinkara_Wildlife_Sanctuary,2015,96.36,Bagalkot
Aralam Butterfly Sanctuary,Wildlife Sanctuary,Kerala,https://en.wikipedia.org/wiki/Aralam_Butterfly_Sanctuary,1984,55,Kannur
Chimmony Wildlife Sanctuary,Wildlife Sanctuary,Kerala,https://en.wikipedia.org/wiki/Chimmony_Wildlife_Sanctuary,1984,85,Thrissur
Chinnar Wildlife Sanctuary,Wildlife Sanctuary,Kerala,https://en.wikipedia.org/wiki/Chinnar_Wildlife_Sanctuary,1984,90.44,Idukki
Choolannur Pea Fowl Sanctuary,Wildlife Sanctuary,Kerala,https://en.wikipedia.org/wiki/Choolannur_Pea_Fowl_Sanctuary,2007,3.42,Palakkad
Idukki Wildlife Sanctuary,Wildlife Sanctuary,Kerala,https://en.wikipedia.org/wiki/Idukki_Wildlife_Sanctuary,1976,70,Idukki
Karimpuzha Wildlife Sanctuary,Wildlife Sanctuary,Kerala,https://en.wikipedia.org/wiki/Karimpuzha_Wildlife_Sanctuary,2019,227.97,Malappuram
Kottiyoor Wildlife Sanctuary,Wildlife Sanctuary,Kerala,https://en.wikipedia.org/wiki/Kottiyoor_Wildlife_Sanctuary,2011,30.38,Kannur
Kurinjimala Sanctuary,Wildlife Sanctuary,Kerala,https://en.wikipedia.org/wiki/Kurinjimala_Sanctuary,2006,32,Idukki
Malabar Wildlife Sanctuary,Wildlife Sanctuary,Kerala,https://en.wikipedia.org/wiki/Malabar_Wildlife_Sanctuary,2010,74.22,Kozhikode
Mangalavanam Bird Sanctuary,Bird Sanctuary,Kerala,https://en.wikipedia.org/wiki/Mangalavanam_Bird_Sanctuary,2004,0.03,Ernakulam
Neyyar Wildlife Sanctuary,Wildlife Sanctuary,Kerala,https://en.wikipedia.org/wiki/Neyyar_Wildlife_Sanctuary,1958,128,Thiruvananthapuram
Parambikulam Wildlife Sanctuary,Wildlife Sanctuary,Kerala,https://en.wikipedia.org/wiki/Parambikulam_Wildlife_Sanctuary,1973,285,Palakkad
Peechi-Vazhani Wildlife Sanctuary,Wildlife Sanctuary,Kerala,https://en.wikipedia.org/wiki/Peechi-Vazhani_Wildlife_Sanctuary,1958,125,Thrissur
Peppara Wildlife Sanctuary,Wildlife Sanctuary,Kerala,https://en.wikipedia.org/wiki/Peppara_Wildlife_Sanctuary,1983,53,Thiruvananthapuram
Periyar Wildlife Sanctuary,Wildlife Sanctuary,Kerala,https://en.wikipedia.org/wiki/Periyar_Wildlife_Sanctuary,1950,427,Idukki
Shendurney Wildlife Sanctuary,Wildlife Sanctuary,Kerala,https://en.wikipedia.org/wiki/Shendurney_Wildlife_Sanctuary,1984,100.32,Kollam
Thattekad Bird Sanctuary,Bird Sanctuary,Kerala,https://en.wikipedia.org/wiki/Thattekad_Bird_Sanctuary,1983,25,Idukki
Wayanad Wildlife Sanctuary,Wildlife Sanctuary,Kerala,https://en.wikipedia.org/wiki/Wayanad_Wildlife_Sanctuary,1973,344.44,Wayanad
Changthang Cold Desert Wildlife Sanctuary,Wildlife Sanctuary,Ladakh,https://en.wikipedia.org/wiki/Changthang_Cold_Desert_Wildlife_Sanctuary,1987,4000,Leh
Karakoram Wildlife Sanctuary,Wildlife Sanctuary,Ladakh,https://en.wikipedia.org/wiki/Karakoram_Wildlife_Sanctuary,1987,5000,Leh
Pitti,Wildlife Sanctuary,Lakshadweep,https://en.wikipedia.org/wiki/Pitti_Wildlife_Sanctuary?action=edit&redlink=1,2002,0.01,Lakshadweep
Bagdara Wildlife Sanctuary,Wildlife Sanctuary,Madhya Pradesh,https://en.wikipedia.org/wiki/Bagdara_Wildlife_Sanctuary,1978,478,Sidhi
Bori Wildlife Sanctuary,Wildlife Sanctuary,Madhya Pradesh,https://en.wikipedia.org/wiki/Bori_Wildlife_Sanctuary,1977,485.72,Hoshangabad
Dr. Bhimrao Ambedkar Wildlife Sanctuary,Wildlife Sanctuary,Madhya Pradesh,https://en.wikipedia.org/wiki/Dr._Bhimrao_Ambedkar_Wildlife_Sanctuary,2025,258.64,Sagar
Gandhi Sagar Sanctuary,Wildlife Sanctuary,Madhya Pradesh,https://en.wikipedia.org/wiki/Gandhi_Sagar_Sanctuary,1981,368.62,Mandsaur
Gangau Wildlife Sanctuary,Wildlife Sanctuary,Madhya Pradesh,https://en.wikipedia.org/wiki/Gangau_Wildlife_Sanctuary?action=edit&redlink=1,1979,78.53,Chhatarpur
Ghatigaon Wildlife Sanctuary,Wildlife Sanctuary,Madhya Pradesh,https://en.wikipedia.org/wiki/Ghatigaon_Wildlife_Sanctuary,1981,510.64,Gwalior
Karera Wildlife Sanctuary,Wildlife Sanctuary,Madhya Pradesh,https://en.wikipedia.org/wiki/Karera_Wildlife_Sanctuary,1981,202.21,Shivpuri
Karmajhiri Wildlife Sanctuary,Wildlife Sanctuary,Madhya Pradesh,https://en.wikipedia.org/wiki/Karmajhiri_Wildlife_Sanctuary?action=edit&redlink=1,2022,14.1,Seoni
Ken Gharial Sanctuary,Wildlife Sanctuary,Madhya Pradesh,https://en.wikipedia.org/wiki/Ken_Gharial_Sanctuary,1981,45.2,"Chhatarpur, Panna"
Kheoni Wildlife Sanctuary,Wildlife Sanctuary,Madhya Pradesh,https://en.wikipedia.org/wiki/Kheoni_Wildlife_Sanctuary,1982,134.78,"Dewas, Sehore"
Narsinghgarh Wildlife Sanctuary,Wildlife Sanctuary,Madhya Pradesh,https://en.wikipedia.org/wiki/Narsinghgarh_Wildlife_Sanctuary,1978,57.19,Raigarh
National Chambal Wildlife Sanctuary,National Park,Madhya Pradesh,https://en.wikipedia.org/wiki/National_Chambal_Wildlife_Sanctuary,1978,435,"Morena, Bhind"
Nauradehi Wildlife Sanctuary,Wildlife Sanctuary,Madhya Pradesh,https://en.wikipedia.org/wiki/Nauradehi_Wildlife_Sanctuary,1984,1197.04,"Damoh, Narsimhapur, Sagar"
Omkareshwar Wildlife Sanctuary,Wildlife Sanctuary,Madhya Pradesh,,2025,611,"Khandwa, Dewas"
Orchha Wildlife Sanctuary,Wildlife Sanctuary,Madhya Pradesh,https://en.wikipedia.org/wiki/Orchha_Wildlife_Sanctuary,1994,44.91,Tikamgarh
Pachmarhi Wildlife Sanctuary,Wildlife Sanctuary,Madhya Pradesh,https://en.wikipedia.org/wiki/Pachmarhi_Biosphere_Reserve,1977,491.63,Hoshangabad
Panpatha Wildlife Sanctuary,Wildlife Sanctuary,Madhya Pradesh,https://en.wikipedia.org/wiki/Panpatha_Wildlife_Sanctuary,1983,245.84,Umaria
Pench Wildlife Sanctuary,Wildlife Sanctuary,Madhya Pradesh,https://en.wikipedia.org/wiki/Pench_Tiger_Reserve,1975,118.47,"Chhindwara, Seoni"
Phen Wildlife Sanctuary,Wildlife Sanctuary,Madhya Pradesh,https://en.wikipedia.org/wiki/Phen_Wildlife_Sanctuary,1983,110.74,Mandla
Ralamandal Wildlife Sanctuary,Wildlife Sanctuary,Madhya Pradesh,https://en.wikipedia.org/wiki/Ralamandal_Wildlife_Sanctuary,1989,2.35,Indore
Ratapani Wildlife Sanctuary,Wildlife Sanctuary,Madhya Pradesh,https://en.wikipedia.org/wiki/Ratapani_Wildlife_Sanctuary,1978,910.64,Raisen
Sailana Wildlife Sanctuary,Wildlife Sanctuary,Madhya Pradesh,https://en.wikipedia.org/wiki/Sailana_Wildlife_Sanctuary?action=edit&redlink=1,1983,12.97,Ratlam
Sanjay Dubri Wildlife Sanctuary,Wildlife Sanctuary,Madhya Pradesh,https://en.wikipedia.org/wiki/Sanjay_National_Park,1975,347.94,Sidhi
Sardarpur Wildlife Sanctuary,Wildlife Sanctuary,Madhya Pradesh,https://en.wikipedia.org/wiki/Sardarpur_Wildlife_Sanctuary,1983,348.12,Dhar
Singhori Wildlife Sanctuary,Wildlife Sanctuary,Madhya Pradesh,https://en.wikipedia.org/wiki/Singhori_Wildlife_Sanctuary,1976,312.04,Raisen
Son Gharial Wildlife Sanctuary,Wildlife Sanctuary,Madhya Pradesh,https://en.wikipedia.org/wiki/Son_Gharial_Wildlife_Sanctuary,1981,83.68,"Satna, Shahdol, Sidhi"
Veerangana Durgavati Wildlife Sanctuary,Wildlife Sanctuary,Madhya Pradesh,https://en.wikipedia.org/wiki/Veerangana_Durgavati_Wildlife_Sanctuary,1997,23.97,Damoh
Amba Barwa Wildlife Sanctuary,Wildlife Sanctuary,Maharashtra,https://en.wikipedia.org/wiki/Amba_Barwa_Wildlife_Sanctuary,1997,127.11,Buldhana
Andhari Wildlife Sanctuary,Wildlife Sanctuary,Maharashtra,https://en.wikipedia.org/wiki/Andhari_Wildlife_Sanctuary,1986,509.27,Chandrapur
Aner Dam Wildlife Sanctuary,Wildlife Sanctuary,Maharashtra,https://en.wikipedia.org/wiki/Aner_Dam_Wildlife_Sanctuary,1986,82.94,Dhule
Bhamragarh Wildlife Sanctuary,Wildlife Sanctuary,Maharashtra,https://en.wikipedia.org/wiki/Bhamragarh_Wildlife_Sanctuary?action=edit&redlink=1,1997,104.38,Gadchiroli
Bhimashankar Wildlife Sanctuary,Wildlife Sanctuary,Maharashtra,https://en.wikipedia.org/wiki/Bhimashankar_Wildlife_Sanctuary,1985,130.78,"Pune, Raigad, Thane"
Bor Wildlife Sanctuary,Wildlife Sanctuary,Maharashtra,https://en.wikipedia.org/wiki/Bor_Wildlife_Sanctuary,1970,61.1,"Nagpur, Wardha"
Chaprala Wildlife Sanctuary,Wildlife Sanctuary,Maharashtra,https://en.wikipedia.org/wiki/Chaprala_Wildlife_Sanctuary?action=edit&redlink=1,1986,134.78,Gadchiroli
Deolgaon‑Rehkuri Wildlife Sanctuary,Wildlife Sanctuary,Maharashtra,https://en.wikipedia.org/wiki/Deolgaon‑Rehkuri_Wildlife_Sanctuary?action=edit&redlink=1,1980,2.17,Ahmednagar
Dnyanganga Wildlife Sanctuary,Wildlife Sanctuary,Maharashtra,https://en.wikipedia.org/wiki/Dnyanganga_Wildlife_Sanctuary,1997,205.21,Buldhana
Gautala Wildlife Sanctuary,Wildlife Sanctuary,Maharashtra,https://en.wikipedia.org/wiki/Gautala_Wildlife_Sanctuary,1986,260.61,"Aurangabad, Jalgaon"
Ghodazari Wildlife Sanctuary,Wildlife Sanctuary,Maharashtra,https://en.wikipedia.org/wiki/Ghodazari_Wildlife_Sanctuary,2018,153.31,Chandrapur
Great Indian Bustard Sanctuary,Wildlife Sanctuary,Maharashtra,https://en.wikipedia.org/wiki/Great_Indian_Bustard_Sanctuary,1979,366.73,"Ahmednagar, Solapur"
Isapur Wildlife Sanctuary,Wildlife Sanctuary,Maharashtra,https://en.wikipedia.org/wiki/Isapur_Wildlife_Sanctuary?action=edit&redlink=1,2014,37.8,Yavatmal
Jayakwadi Bird Sanctuary,Bird Sanctuary,Maharashtra,https://en.wikipedia.org/wiki/Jayakwadi_Bird_Sanctuary,1986,341.05,"Ahmednagar, Aurangabad"
Kalsubai Harishchandragad Wildlife Sanctuary,Wildlife Sanctuary,Maharashtra,https://en.wikipedia.org/wiki/Kalsubai_Harishchandragad_Wildlife_Sanctuary,1986,361.71,Ahmednagar
Kanhargaon Wildlife Sanctuary,Wildlife Sanctuary,Maharashtra,https://en.wikipedia.org/wiki/Kanhargaon_Wildlife_Sanctuary,2021,269.4,Chandrapur
Karanja Sohol Wildlife Sanctuary,Wildlife Sanctuary,Maharashtra,https://en.wikipedia.org/wiki/Karanja_Sohol_Wildlife_Sanctuary,2000,18.32,Akola
Karnala Bird Sanctuary,Bird Sanctuary,Maharashtra,https://en.wikipedia.org/wiki/Karnala_Bird_Sanctuary,1968,12.16,Raigad
Katepurna Wildlife Sanctuary,Wildlife Sanctuary,Maharashtra,https://en.wikipedia.org/wiki/Katepurna_Wildlife_Sanctuary?action=edit&redlink=1,1988,73.68,Akola
Koka Wildlife Sanctuary,Wildlife Sanctuary,Maharashtra,https://en.wikipedia.org/wiki/Koka_Wildlife_Sanctuary,2013,100.14,Bhandara
Koyna Wildlife Sanctuary,Wildlife Sanctuary,Maharashtra,https://en.wikipedia.org/wiki/Koyna_Wildlife_Sanctuary,1985,335.3,Satara
Lonar Wildlife Sanctuary,Wildlife Sanctuary,Maharashtra,https://en.wikipedia.org/wiki/Lonar_Wildlife_Sanctuary,2000,3.83,Buldhana
Malvan Wildlife Sanctuary,Wildlife Sanctuary,Maharashtra,https://en.wikipedia.org/wiki/Malvan_Wildlife_Sanctuary?action=edit&redlink=1,1987,29.12,Sindhudurg
Mayureswar Wildlife Sanctuary,Wildlife Sanctuary,Maharashtra,https://en.wikipedia.org/wiki/Mayureswar_Wildlife_Sanctuary,1997,5.15,Pune
Mansingdeo Wildlife Sanctuary,Wildlife Sanctuary,Maharashtra,https://en.wikipedia.org/wiki/Mansingdeo_Wildlife_Sanctuary?action=edit&redlink=1,2010,182.58,Nagpur
Melghat Wildlife Sanctuary,Wildlife Sanctuary,Maharashtra,https://en.wikipedia.org/wiki/Melghat,1985,778.75,Amravati
Nagzira Wildlife Sanctuary,Wildlife Sanctuary,Maharashtra,https://en.wikipedia.org/wiki/Nagzira_Wildlife_Sanctuary,1970,152.81,Bhandara
Naigaon Mayur Wildlife Sanctuary,Wildlife Sanctuary,Maharashtra,https://en.wikipedia.org/wiki/Naigaon_Mayur_Wildlife_Sanctuary?action=edit&redlink=1,1994,29.89,Beed
Nandur Madhameshwar Wildlife Sanctuary,Wildlife Sanctuary,Maharashtra,https://en.wikipedia.org/wiki/Nandur_Madhmeshwar_Bird_Sanctuary,1986,100.12,Nashik
Narnala Wildlife Sanctuary,Wildlife Sanctuary,Maharashtra,https://en.wikipedia.org/wiki/Narnala_Wildlife_Sanctuary?action=edit&redlink=1,1997,12.35,Akola
Nawegaon Wildlife Sanctuary,Wildlife Sanctuary,Maharashtra,https://en.wikipedia.org/wiki/Nawegaon_Wildlife_Sanctuary?action=edit&redlink=1,2012,122.76,Gondia
New Bor Wildlife Sanctuary,Wildlife Sanctuary,Maharashtra,https://en.wikipedia.org/wiki/New_Bor_Wildlife_Sanctuary?action=edit&redlink=1,2012,60.7,"Nagpur, Wardha"
New Maldhok Bird (Gangewadi) Wildlife Sanctuary,Bird Sanctuary,Maharashtra,https://en.wikipedia.org/wiki/New_Maldhok_Bird_(Gangewadi)_Wildlife_Sanctuary?action=edit&redlink=1,2015,1.98,Solapur
New Nagzira Wildlife Sanctuary,Wildlife Sanctuary,Maharashtra,https://en.wikipedia.org/wiki/New_Nagzira_Wildlife_Sanctuary?action=edit&redlink=1,2012,151.33,Bhandara
Painganga Wildlife Sanctuary,Wildlife Sanctuary,Maharashtra,https://en.wikipedia.org/wiki/Painganga_Wildlife_Sanctuary,1986,424.89,"Nanded, Yavatmal"
Phansad Wildlife Sanctuary,Wildlife Sanctuary,Maharashtra,https://en.wikipedia.org/wiki/Phansad_Wildlife_Sanctuary,1986,69.79,Raigad
Pranhita Wildlife Sanctuary,Wildlife Sanctuary,Maharashtra,https://en.wikipedia.org/wiki/Pranhita_Wildlife_Sanctuary,2014,420.06,Gadchiroli
Radhanagari Wildlife Sanctuary,Wildlife Sanctuary,Maharashtra,https://en.wikipedia.org/wiki/Radhanagari_Wildlife_Sanctuary,1958,351.16,Kolhapur
Sagareshwar Wildlife Sanctuary,Wildlife Sanctuary,Maharashtra,https://en.wikipedia.org/wiki/Sagareshwar_Wildlife_Sanctuary,1985,10.87,Sangli
Sudhagad Wildlife Sanctuary,Wildlife Sanctuary,Maharashtra,https://en.wikipedia.org/wiki/Sudhagad_Wildlife_Sanctuary?action=edit&redlink=1,2014,77.13,Raigad
Tamhini Wildlife Sanctuary,Wildlife Sanctuary,Maharashtra,https://en.wikipedia.org/wiki/Tamhini_Wildlife_Sanctuary?action=edit&redlink=1,2013,49.62,Pune
Tansa Wildlife Sanctuary,Wildlife Sanctuary,Maharashtra,https://en.wikipedia.org/wiki/Tansa_Wildlife_Sanctuary,1970,304.81,Thane
Thane Creek Wildlife Sanctuary,Wildlife Sanctuary,Maharashtra,https://en.wikipedia.org/wiki/Thane_Creek_Wildlife_Sanctuary?action=edit&redlink=1,2015,16.9,Thane
Tipeshwar Wildlife Sanctuary,Wildlife Sanctuary,Maharashtra,https://en.wikipedia.org/wiki/Tipeshwar_Wildlife_Sanctuary?action=edit&redlink=1,1997,148.63,Yavatmal
Tungareshwar Wildlife Sanctuary,Wildlife Sanctuary,Maharashtra,https://en.wikipedia.org/wiki/Tungareshwar_Wildlife_Sanctuary,2003,85,Palghar
Umred Pauni Karhandla Wildlife Sanctuary,Wildlife Sanctuary,Maharashtra,https://en.wikipedia.org/wiki/Umred_Pauni_Karhandla_Wildlife_Sanctuary,2012,189.29,"Bhandara, Nagpur"
Wan Wildlife Sanctuary,Wildlife Sanctuary,Maharashtra,https://en.wikipedia.org/wiki/Wan_Wildlife_Sanctuary,1997,211,Amravati
Yawal Wildlife Sanctuary,Wildlife Sanctuary,Maharashtra,https://en.wikipedia.org/wiki/Yawal_Wildlife_Sanctuary,1969,177.52,Jalgaon
Yedsi Ramling Ghat Wildlife Sanctuary,Wildlife Sanctuary,Maharashtra,https://en.wikipedia.org/wiki/Yedsi_Ramling_Ghat_Wildlife_Sanctuary,1997,22.38,Osmanabad
Bunning Wildlife Sanctuary,Wildlife Sanctuary,Manipur,https://en.wikipedia.org/wiki/Bunning_Wildlife_Sanctuary?action=edit&redlink=1,1997,115.8,Tamenglong
Jiri-Makru Wildlife Sanctuary,Wildlife Sanctuary,Manipur,https://en.wikipedia.org/wiki/Jiri-Makru_Wildlife_Sanctuary,1997,198,"Imphal East, Tamenglong"
Kailam Wildlife Sanctuary,Wildlife Sanctuary,Manipur,https://en.wikipedia.org/wiki/Kailam_Wildlife_Sanctuary?action=edit&redlink=1,1997,187.5,Churachandpur
Khongjaingamba Ching Wildlife Sanctuary,Wildlife Sanctuary,Manipur,https://en.wikipedia.org/wiki/Khongjaingamba_Ching_Wildlife_Sanctuary?action=edit&redlink=1,2016,0.41,Imphal East
Thinungei Bird Sanctuary,Bird Sanctuary,Manipur,https://en.wikipedia.org/wiki/Thinungei_Bird_Sanctuary?action=edit&redlink=1,2019,1.03,Bishnupur
Yangoupokpi-Lokchao Wildlife Sanctuary,Wildlife Sanctuary,Manipur,https://en.wikipedia.org/wiki/Yangoupokpi-Lokchao_Wildlife_Sanctuary,1989,184.4,Chandel
Zeilad Wildlife Sanctuary,Wildlife Sanctuary,Manipur,https://en.wikipedia.org/wiki/Zeilad_Wildlife_Sanctuary?action=edit&redlink=1,1997,21,Tamenglong
Baghmara Pitcher Plant Wildlife Sanctuary,Wildlife Sanctuary,Meghalaya,https://en.wikipedia.org/wiki/Baghmara_Pitcher_Plant_Wildlife_Sanctuary,1984,0.02,South Garo Hills
Narpuh Wildlife Sanctuary,Wildlife Sanctuary,Meghalaya,https://en.wikipedia.org/wiki/Narpuh_Wildlife_Sanctuary,2014,59.9,"East Jaintia Hills, West Jaintia Hills"
Nongkhyllem Wildlife Sanctuary,Wildlife Sanctuary,Meghalaya,https://en.wikipedia.org/wiki/Nongkhyllem_Wildlife_Sanctuary,1981,29,Ri Bhoi
Siju Wildlife Sanctuary,Wildlife Sanctuary,Meghalaya,https://en.wikipedia.org/wiki/Siju_Wildlife_Sanctuary,1979,5.18,South Garo Hills
Dampa Wildlife Sanctuary,Wildlife Sanctuary,Mizoram,https://en.wikipedia.org/wiki/Dampa_Tiger_Reserve,1985,500,Aizawl
Khawnglung Wildlife Sanctuary,Wildlife Sanctuary,Mizoram,https://en.wikipedia.org/wiki/Khawnglung_Wildlife_Sanctuary,2000,35,Serchhip
Lengteng Wildlife Sanctuary,Wildlife Sanctuary,Mizoram,https://en.wikipedia.org/wiki/Lengteng_Wildlife_Sanctuary,2002,60,Champhai
Ngengpui Wildlife Sanctuary,Wildlife Sanctuary,Mizoram,https://en.wikipedia.org/wiki/Ngengpui_Wildlife_Sanctuary,1997,110,Lawngtlai
Pualreng Wildlife Sanctuary,Wildlife Sanctuary,Mizoram,https://en.wikipedia.org/wiki/Pualreng_Wildlife_Sanctuary,2013,50,Kolasib
Tawi Wildlife Sanctuary,Wildlife Sanctuary,Mizoram,https://en.wikipedia.org/wiki/Tawi_Wildlife_Sanctuary,2001,35.75,Lunglei
Thorangtlang Wildlife Sanctuary,Wildlife Sanctuary,Mizoram,https://en.wikipedia.org/wiki/Thorangtlang_Wildlife_Sanctuary,2015,180,Lunglei
Tokalo Wildlife Sanctuary,Wildlife Sanctuary,Mizoram,https://en.wikipedia.org/wiki/Tokalo_Wildlife_Sanctuary,2007,250,Saiha
Fakim Wildlife Sanctuary,Wildlife Sanctuary,Nagaland,https://en.wikipedia.org/wiki/Fakim_Wildlife_Sanctuary,1980,6.42,Tuensang
Puliebadze Wildlife Sanctuary,Wildlife Sanctuary,Nagaland,https://en.wikipedia.org/wiki/Puliebadze_Wildlife_Sanctuary,1980,9.23,Kohima
Rangapahar Wildlife Sanctuary,Wildlife Sanctuary,Nagaland,https://en.wikipedia.org/wiki/Rangapahar_Wildlife_Sanctuary,1986,4.7,Dimapur
Singphan Wildlife Sanctuary,Wildlife Sanctuary,Nagaland,https://en.wikipedia.org/wiki/Singphan_Wildlife_Sanctuary,2009,23.57,Mon
Badrama Wildlife Sanctuary,Wildlife Sanctuary,Odisha,https://en.wikipedia.org/wiki/Ushakothi_Wildlife_Sanctuary,1962,304.03,Sambalpur
Baisipalli Wildlife Sanctuary,Wildlife Sanctuary,Odisha,https://en.wikipedia.org/wiki/Baisipalli_Wildlife_Sanctuary,1981,168.35,Nayagarh
Balukhand-Konark Wildlife Sanctuary,Wildlife Sanctuary,Odisha,https://en.wikipedia.org/wiki/Balukhand-Konark_Wildlife_Sanctuary,1984,71.72,Puri
Bhitarkanika Wildlife Sanctuary,Wildlife Sanctuary,Odisha,https://en.wikipedia.org/wiki/Bhitarkanika_Wildlife_Sanctuary,1975,525,Kendrapara
Chandaka Dampara Wildlife Sanctuary,Wildlife Sanctuary,Odisha,https://en.wikipedia.org/wiki/Chandaka_Elephant_Sanctuary,1982,175.79,"Khurda, Cuttack"
Debrigarh Wildlife Sanctuary,Wildlife Sanctuary,Odisha,https://en.wikipedia.org/wiki/Debrigarh_Wildlife_Sanctuary,1985,346.91,Sambalpur
Gahirmatha Marine Sanctuary,Wildlife Sanctuary,Odisha,https://en.wikipedia.org/wiki/Gahirmatha_Marine_Sanctuary,1997,1435,Kendrapara
Hadgarh Wildlife Sanctuary,Wildlife Sanctuary,Odisha,https://en.wikipedia.org/wiki/Hadgarh_Wildlife_Sanctuary,1978,191.06,"Keonjhar, Mayurbhanj"
Kapilasa Wildlife Sanctuary,Wildlife Sanctuary,Odisha,https://en.wikipedia.org/wiki/Kapilasa_Wildlife_Sanctuary,2011,125.5,Dhenkanal
Karlapat Wildlife Sanctuary,Wildlife Sanctuary,Odisha,https://en.wikipedia.org/wiki/Karlapat_Wildlife_Sanctuary,1992,147.66,Kalahandi
Khalasuni Wildlife Sanctuary,Wildlife Sanctuary,Odisha,https://en.wikipedia.org/wiki/Khalasuni_Wildlife_Sanctuary,1982,116,Sambalpur
Kotgarh Wildlife Sanctuary,Wildlife Sanctuary,Odisha,https://en.wikipedia.org/wiki/Kotgarh_Wildlife_Sanctuary,1981,399.5,Phulbani
Kuldiha Wildlife Sanctuary,Wildlife Sanctuary,Odisha,https://en.wikipedia.org/wiki/Kuldiha_Wildlife_Sanctuary,1984,272.75,Balasore
Lakhari Valley Wildlife Sanctuary,Wildlife Sanctuary,Odisha,https://en.wikipedia.org/wiki/Lakhari_Valley_Wildlife_Sanctuary,1985,185.87,Gajapati
Nalbana Bird Sanctuary,Bird Sanctuary,Odisha,https://en.wikipedia.org/wiki/Nalbana_Bird_Sanctuary,1987,15.53,"Ganjam, Khurda, Puri"
Nandankanan Wildlife Sanctuary,Wildlife Sanctuary,Odisha,https://en.wikipedia.org/wiki/Nandankanan_Wildlife_Sanctuary,1979,14.16,Khurda
Satkosia Gorge Wildlife Sanctuary,Wildlife Sanctuary,Odisha,https://en.wikipedia.org/wiki/Satkosia_Gorge_Wildlife_Sanctuary,1976,745.52,"Angul, Boudh, Cuttack"
Simlipal Wildlife Sanctuary,Wildlife Sanctuary,Odisha,https://en.wikipedia.org/wiki/Simlipal_National_Park,1979,1354.3,Mayurbhanj
Sunabeda Wildlife Sanctuary,Wildlife Sanctuary,Odisha,https://en.wikipedia.org/wiki/Sunabeda_Wildlife_Sanctuary,1988,500,Nuapada
Abohar Wildlife Sanctuary,Wildlife Sanctuary,Punjab,https://en.wikipedia.org/wiki/Abohar_Wildlife_Sanctuary,1988,186.5,Firozpur
Bir Aishvan Wildlife Sanctuary,Wildlife Sanctuary,Punjab,https://en.wikipedia.org/wiki/Bir_Aishvan_Wildlife_Sanctuary,1952,2.64,Sangrur
Bir Bhadson Wildlife Sanctuary,Wildlife Sanctuary,Punjab,https://en.wikipedia.org/wiki/Bir_Bhadson_Wildlife_Sanctuary?action=edit&redlink=1,1952,10.23,Patiala
Bir Bhunerheri Wildlife Sanctuary,Wildlife Sanctuary,Punjab,https://en.wikipedia.org/wiki/Bir_Bunerheri_Wildlife_Sanctuary,1952,6.62,Patiala
Bir Dosanjh Wildlife Sanctuary,Wildlife Sanctuary,Punjab,https://en.wikipedia.org/wiki/Bir_Dosanjh_Wildlife_Sanctuary?action=edit&redlink=1,1952,5.18,Patiala
Bir Gurdialpura Wildlife Sanctuary,Wildlife Sanctuary,Punjab,https://en.wikipedia.org/wiki/Bir_Gurdialpura_Wildlife_Sanctuary?action=edit&redlink=1,1977,6.2,Patiala
Bir Mehaswala Wildlife Sanctuary,Wildlife Sanctuary,Punjab,https://en.wikipedia.org/wiki/Bir_Mehaswala_Wildlife_Sanctuary?action=edit&redlink=1,1952,1.23,Patiala
Bir Motibagh Wildlife Sanctuary,Wildlife Sanctuary,Punjab,https://en.wikipedia.org/wiki/Bir_Motibagh_Wildlife_Sanctuary?action=edit&redlink=1,1952,6.54,Patiala
Harike Lake Wildlife Sanctuary,Wildlife Sanctuary,Punjab,https://en.wikipedia.org/wiki/Harike_Lake_Wildlife_Sanctuary?action=edit&redlink=1,1982,86,Firozpur
Jhajjar Bacholi Wildlife Sanctuary,Wildlife Sanctuary,Punjab,https://en.wikipedia.org/wiki/Jhajjar_Bacholi_Wildlife_Sanctuary?action=edit&redlink=1,1998,1.16,Rupnagar
Kathlaur Kushlian Wildlife Sanctuary,Wildlife Sanctuary,Punjab,https://en.wikipedia.org/wiki/Kathlaur_Kushlian_Wildlife_Sanctuary,2007,7.58,Gurdaspur
Nangal Wildlife Sanctuary,Wildlife Sanctuary,Punjab,https://en.wikipedia.org/wiki/Nangal_Wildlife_Sanctuary,2009,2.9,Rupnagar
Takhni-Rehampur Wildlife Sanctuary,Wildlife Sanctuary,Punjab,https://en.wikipedia.org/wiki/Takhni-Rehampur_Wildlife_Sanctuary?action=edit&redlink=1,1992,3.82,Hoshiarpur
Oussudu Bird Sanctuary,Bird Sanctuary,Puducherry,https://en.wikipedia.org/wiki/Oussudu_Bird_Sanctuary,2008,3.9,Puducherry
Bandh Baretha Wildlife Sanctuary,Wildlife Sanctuary,Rajasthan,https://en.wikipedia.org/wiki/Bandh_Baretha,1985,171.39,"Bharatpur, Karauli"
Bassi Wildlife Sanctuary,Wildlife Sanctuary,Rajasthan,https://en.wikipedia.org/wiki/Bassi_Wildlife_Sanctuary,1988,138.69,Chittaurgarh
Bhensrodgarh Wildlife Sanctuary,Wildlife Sanctuary,Rajasthan,https://en.wikipedia.org/wiki/Bhensrodgarh_Wildlife_Sanctuary,1983,201.4,Chittaurgarh
Darrah Wildlife Sanctuary,Wildlife Sanctuary,Rajasthan,https://en.wikipedia.org/wiki/Darrah_Wildlife_Sanctuary,1955,227.63,"Jhalawar, Kota"
Desert National Sanctuary,National Park,Rajasthan,https://en.wikipedia.org/wiki/Desert_National_Park,1981,3162,"Barmer, Jaisalmer"
Jaisamand Wildlife Sanctuary,Wildlife Sanctuary,Rajasthan,https://en.wikipedia.org/wiki/Jaisamand_Wildlife_Sanctuary,1955,52.34,Rajsamand
Jamwa Ramgarh Wildlife Sanctuary,Wildlife Sanctuary,Rajasthan,https://en.wikipedia.org/wiki/Jamwa_Ramgarh_Wildlife_Sanctuary,1982,300,Jaipur
Jawahar Sagar Wildlife Sanctuary,Wildlife Sanctuary,Rajasthan,https://en.wikipedia.org/wiki/Jawahar_Sagar_Wildlife_Sanctuary,1975,194.6,Kota
Kailadevi Wildlife Sanctuary,Wildlife Sanctuary,Rajasthan,https://en.wikipedia.org/wiki/Kailadevi_Wildlife_Sanctuary,1983,676.82,Karauli
Kesarbagh Wildlife Sanctuary,Wildlife Sanctuary,Rajasthan,https://en.wikipedia.org/wiki/Kesarbagh_Wildlife_Sanctuary,1955,14.76,Dholpur
Kumbhalgarh Wildlife Sanctuary,Wildlife Sanctuary,Rajasthan,https://en.wikipedia.org/wiki/Kumbhalgarh_Wildlife_Sanctuary,1971,610.53,"Pali, Udaipur"
Mount Abu Wildlife Sanctuary,Wildlife Sanctuary,Rajasthan,https://en.wikipedia.org/wiki/Mount_Abu_Wildlife_Sanctuary,1960,103.97,Sirohi
Nahargarh Wildlife Sanctuary,Wildlife Sanctuary,Rajasthan,https://en.wikipedia.org/wiki/Nahargarh_Wildlife_Sanctuary,1980,52.4,Jaipur
National Chambal Wildlife Sanctuary,National Park,Rajasthan,https://en.wikipedia.org/wiki/National_Chambal_Wildlife_Sanctuary,1979,564.03,Kota
Phulwari ki Nal Wildlife Sanctuary,Wildlife Sanctuary,Rajasthan,https://en.wikipedia.org/wiki/Phulwari_ki_Nal_Wildlife_Sanctuary,1983,511.41,"Pali, Udaipur"
Ramgarh Vishdhari Wildlife Sanctuary,Wildlife Sanctuary,Rajasthan,https://en.wikipedia.org/wiki/Ramgarh_Vishdhari_Wildlife_Sanctuary,1982,303.05,Bundi
Ramsagar Wildlife Sanctuary,Wildlife Sanctuary,Rajasthan,https://en.wikipedia.org/wiki/Ramsagar_Wildlife_Sanctuary,1955,34.4,Dholpur
Sajjangarh Wildlife Sanctuary,Wildlife Sanctuary,Rajasthan,https://en.wikipedia.org/wiki/Sajjangarh_Wildlife_Sanctuary,1987,5.19,Udaipur
Sariska Wildlife Sanctuary,Wildlife Sanctuary,Rajasthan,https://en.wikipedia.org/wiki/Sariska_Tiger_Reserve,1955,544.22,Alwar
Sawai Madhopur Wildlife Sanctuary,Wildlife Sanctuary,Rajasthan,https://en.wikipedia.org/wiki/Sawai_Madhopur_Wildlife_Sanctuary,1955,131.3,Sawai Madhopur
Sawai Man Singh Wildlife Sanctuary,Wildlife Sanctuary,Rajasthan,https://en.wikipedia.org/wiki/Sawai_Man_Singh_Wildlife_Sanctuary,1984,113.07,Sawai Madhopur
Shergarh Wildlife Sanctuary,Wildlife Sanctuary,Rajasthan,https://en.wikipedia.org/wiki/Shergarh_Wildlife_Sanctuary,1983,81.67,Kota
Sita Mata Wildlife Sanctuary,Wildlife Sanctuary,Rajasthan,https://en.wikipedia.org/wiki/Sita_Mata_Wildlife_Sanctuary,1979,422.94,"Chittaurgarh, Udaipur"
Tal Chhapar Wildlife Sanctuary,Wildlife Sanctuary,Rajasthan,https://en.wikipedia.org/wiki/Tal_Chhapar_Sanctuary,1971,7.19,Churu
Todgarh-Raoli Wildlife Sanctuary,Wildlife Sanctuary,Rajasthan,https://en.wikipedia.org/wiki/Todgarh-Raoli_Sanctuary,1983,495.27,"Ajmer, Pali, Rajsamand"
Van Vihar Wildlife Sanctuary,Wildlife Sanctuary,Rajasthan,https://en.wikipedia.org/wiki/Van_Vihar_Wildlife_Sanctuary,1955,25.6,Dholpur
Fambong Lho Wildlife Sanctuary,Wildlife Sanctuary,Sikkim,https://en.wikipedia.org/wiki/Fambong_Lho_Wildlife_Sanctuary,1984,51.76,East Sikkim
Kitam Bird Sanctuary,Bird Sanctuary,Sikkim,https://en.wikipedia.org/wiki/Kitam_Bird_Sanctuary,2005,6,Namchi
Kyongnosla Alpine Sanctuary,Wildlife Sanctuary,Sikkim,https://en.wikipedia.org/wiki/Kyongnosla_Alpine_Sanctuary,1977,31,East Sikkim
Maenam Wildlife Sanctuary,Wildlife Sanctuary,Sikkim,https://en.wikipedia.org/wiki/Maenam_Wildlife_Sanctuary,1987,35.34,South Sikkim
Pangolakha Wildlife Sanctuary,Wildlife Sanctuary,Sikkim,https://en.wikipedia.org/wiki/Pangolakha_Wildlife_Sanctuary,2002,128,East Sikkim
Shingba Rhododendron Sanctuary,Wildlife Sanctuary,Sikkim,https://en.wikipedia.org/wiki/Shingba_Rhododendron_Sanctuary,1984,43,North Sikkim
Varsey Rhododendron Sanctuary,Wildlife Sanctuary,Sikkim,https://en.wikipedia.org/wiki/Varsey_Rhododendron_Sanctuary,1998,104,West Sikkim
Anamalai Wildlife Sanctuary,Wildlife Sanctuary,Tamil Nadu,https://en.wikipedia.org/wiki/Anamalai_Wildlife_Sanctuary,1976,841.49,"Coimbatore, Tiruppur"
Cauvery North Wildlife Sanctuary,Wildlife Sanctuary,Tamil Nadu,https://en.wikipedia.org/wiki/Cauvery_North_Wildlife_Sanctuary,2014,504.33,"Dharmapuri, Krishnagiri"
Cauvery South Wildlife Sanctuary,Wildlife Sanctuary,Tamil Nadu,https://en.wikipedia.org/wiki/Cauvery_South_Wildlife_Sanctuary,2022,686.41,"Dharmapuri, Krishnagiri"
Chitrangudi Bird Sanctuary,Bird Sanctuary,Tamil Nadu,https://en.wikipedia.org/wiki/Chitrangudi_Bird_Sanctuary,1989,0.48,Ramanathapuram
Gangaikondan Spotted Deer Sanctuary,Wildlife Sanctuary,Tamil Nadu,https://en.wikipedia.org/wiki/Gangaikondan_Spotted_Deer_Sanctuary,2013,2.88,Tirunelveli
Grizzled Squirrel Wildlife Sanctuary,Wildlife Sanctuary,Tamil Nadu,https://en.wikipedia.org/wiki/Grizzled_Squirrel_Wildlife_Sanctuary,1988,485.2,Virudhunagar
Kadavur Wildlife Sanctuary,Wildlife Sanctuary,Tamil Nadu,https://en.wikipedia.org/wiki/Kadavur_Wildlife_Sanctuary,2022,118.07,"Dindigul, Karur"
Kalakkad Wildlife Sanctuary,Wildlife Sanctuary,Tamil Nadu,https://en.wikipedia.org/wiki/Kalakkad_Mundanthurai_Tiger_Reserve,1976,223.58,Tirunelveli
Kallaperambur Lake Bird Sanctuary,Bird Sanctuary,Tamil Nadu,https://en.wikipedia.org/wiki/Kallaperambur_Lake_Bird_Sanctuary,2015,64,Thanjavur
Kanjirankulam Bird Sanctuary,Bird Sanctuary,Tamil Nadu,https://en.wikipedia.org/wiki/Kanjirankulam_Bird_Sanctuary,1989,1.04,Ramanathapuram
Kanyakumari Wildlife Sanctuary,Wildlife Sanctuary,Tamil Nadu,https://en.wikipedia.org/wiki/Kanyakumari_Wildlife_Sanctuary,2007,402.4,Kanyakumari
Karaivetti Bird Sanctuary,Bird Sanctuary,Tamil Nadu,https://en.wikipedia.org/wiki/Karaivetti_Bird_Sanctuary,1999,4.54,Perambalur
Karikili Bird Sanctuary,Bird Sanctuary,Tamil Nadu,https://en.wikipedia.org/wiki/Karikili_Bird_Sanctuary,1989,0.61,Kanchipuram
Kazhuveli Bird Sanctuary,Bird Sanctuary,Tamil Nadu,https://en.wikipedia.org/wiki/Kazhuveli_Bird_Sanctuary,2021,51.52,Villupuram
Kodaikanal Wildlife Sanctuary,Wildlife Sanctuary,Tamil Nadu,https://en.wikipedia.org/wiki/Kodaikanal_Wildlife_Sanctuary,2008,608.95,"Dindigul, Theni"
Koonthankulam Bird Sanctuary,Bird Sanctuary,Tamil Nadu,https://en.wikipedia.org/wiki/Koonthankulam_Bird_Sanctuary,1994,1.29,Tirunelveli
Megamalai Wildlife Sanctuary,Wildlife Sanctuary,Tamil Nadu,https://en.wikipedia.org/wiki/Megamalai_Wildlife_Sanctuary,2009,269.11,"Madurai, Theni"
Melaselvanur-Kilaselvanur Bird Sanctuary,Bird Sanctuary,Tamil Nadu,https://en.wikipedia.org/wiki/Melaselvanur-Kilaselvanur_Bird_Sanctuary,2010,5.93,Ramanathapuram
Mudumalai Wildlife Sanctuary,Wildlife Sanctuary,Tamil Nadu,https://en.wikipedia.org/wiki/Mudumalai_Wildlife_Sanctuary,1940,217.76,Nilgiris
Mundanthurai Wildlife Sanctuary,Wildlife Sanctuary,Tamil Nadu,https://en.wikipedia.org/wiki/Kalakkad_Mundanthurai_Tiger_Reserve,1962,582.08,Tirunelveli
Nanjarayan Tank Bird Sanctuary,Bird Sanctuary,Tamil Nadu,https://en.wikipedia.org/wiki/Nanjarayan_Tank_Bird_Sanctuary,2022,1.26,Tiruppur
Nellai Wildlife Sanctuary,Wildlife Sanctuary,Tamil Nadu,https://en.wikipedia.org/wiki/Nellai_Wildlife_Sanctuary,2014,356.73,Tirunelveli
Point Calimere Wildlife and Bird Sanctuary,Bird Sanctuary,Tamil Nadu,https://en.wikipedia.org/wiki/Point_Calimere_Wildlife_and_Bird_Sanctuary,1967,141.36,"Nagapattinam, Thanjavur, Thiruvarur"
Pulicat Lake Bird Sanctuary,Bird Sanctuary,Tamil Nadu,https://en.wikipedia.org/wiki/Pulicat_Lake_Bird_Sanctuary,1980,153.67,Tiruvallur
Sakkarakottai Bird Sanctuary,Bird Sanctuary,Tamil Nadu,https://en.wikipedia.org/wiki/Sakkarakottai_Bird_Sanctuary,2012,2.3,Ramanathapuram
Sathyamangalam Wildlife Sanctuary,Wildlife Sanctuary,Tamil Nadu,https://en.wikipedia.org/wiki/Sathyamangalam_Wildlife_Sanctuary,2008,"1,411.61",Erode
Thanthai Periyar Wildlife Sanctuary,Wildlife Sanctuary,Tamil Nadu,https://en.wikipedia.org/wiki/Thanthai_Periyar_Wildlife_Sanctuary,2023,805.67,Erode
Therthangal Bird Sanctuary,Bird Sanctuary,Tamil Nadu,https://en.wikipedia.org/wiki/Therthangal_Bird_Sanctuary,2010,0.29,Ramanathapuram
Udayamarthandapuram Bird Sanctuary,Bird Sanctuary,Tamil Nadu,https://en.wikipedia.org/wiki/Udayamarthandapuram_Bird_Sanctuary,1998,0.45,Thiruvarur
Vaduvoor Bird Sanctuary,Bird Sanctuary,Tamil Nadu,https://en.wikipedia.org/wiki/Vaduvoor_Bird_Sanctuary,1991,1.28,Thiruvarur
Vedanthangal Bird Sanctuary,Bird Sanctuary,Tamil Nadu,https://en.wikipedia.org/wiki/Vedanthangal_Bird_Sanctuary,1936,0.3,Chengalpattu
Vallanadu Wildlife Sanctuary,Wildlife Sanctuary,Tamil Nadu,https://en.wikipedia.org/wiki/Vallanadu_Wildlife_Sanctuary,1987,16.41,Thoothukudi
Vellode Bird Sanctuary,Bird Sanctuary,Tamil Nadu,https://en.wikipedia.org/wiki/Vellode_Bird_Sanctuary,2000,0.77,Erode
Vettangudi Bird Sanctuary,Bird Sanctuary,Tamil Nadu,https://en.wikipedia.org/wiki/Vettangudi_Bird_Sanctuary,1977,0.38,Sivagangai
Eturnagaram Wildlife Sanctuary,Wildlife Sanctuary,Telangana,https://en.wikipedia.org/wiki/Eturnagaram_Wildlife_Sanctuary,1953,803,"Karimnagar, Warangal"
Kawal Wildlife Sanctuary,Wildlife Sanctuary,Telangana,https://en.wikipedia.org/wiki/Kawal_Wildlife_Sanctuary,1965,892.23,Adilabad
Kinnerasani Wildlife Sanctuary,Wildlife Sanctuary,Telangana,https://en.wikipedia.org/wiki/Kinnerasani_Wildlife_Sanctuary,1977,635.41,Khammam
Manjira Wildlife Sanctuary,Wildlife Sanctuary,Telangana,https://en.wikipedia.org/wiki/Manjira_Wildlife_Sanctuary,1978,20,Medak
Nagarjunsagar-Srisailam Tiger Reserve,Tiger Reserve,Telangana,https://en.wikipedia.org/wiki/Nagarjunsagar-Srisailam_Tiger_Reserve,1978,2166.37,"Mahabub Nagar, Nalgonda"
Pakhal Wildlife Sanctuary,Wildlife Sanctuary,Telangana,https://en.wikipedia.org/wiki/Pakhal_Wildlife_Sanctuary,1952,860,Warangal
Pocharam Wildlife Sanctuary,Wildlife Sanctuary,Telangana,https://en.wikipedia.org/wiki/Pocharam_Wildlife_Sanctuary,1952,129.84,"Medak, Nizamabad"
Pranahita Wildlife Sanctuary,Wildlife Sanctuary,Telangana,https://en.wikipedia.org/wiki/Pranahita_Wildlife_Sanctuary,1980,136.03,Adilabad
Shivaram Wildlife Sanctuary,Wildlife Sanctuary,Telangana,https://en.wikipedia.org/wiki/Shivaram_Wildlife_Sanctuary,1978,29.81,"Adilabad, Karimnagar"
Gumti Wildlife Sanctuary,Wildlife Sanctuary,Tripura,https://en.wikipedia.org/wiki/Gumti_Wildlife_Sanctuary,1988,389.54,South Tripura
Rowa Wildlife Sanctuary,Wildlife Sanctuary,Tripura,https://en.wikipedia.org/wiki/Rowa_Wildlife_Sanctuary,1988,0.86,North Tripura
Sepahijala Wildlife Sanctuary,Wildlife Sanctuary,Tripura,https://en.wikipedia.org/wiki/Sepahijala_Wildlife_Sanctuary,1987,18.53,West Tripura
Trishna Wildlife Sanctuary,Wildlife Sanctuary,Tripura,https://en.wikipedia.org/wiki/Trishna_Wildlife_Sanctuary,1988,194.71,South Tripura
Bakhira Wildlife Sanctuary,Wildlife Sanctuary,Uttar Pradesh,https://en.wikipedia.org/wiki/Bakhira_Wildlife_Sanctuary,1990,28.94,Sant Kabir Nagar
Chandra Prabha Wildlife Sanctuary,Wildlife Sanctuary,Uttar Pradesh,https://en.wikipedia.org/wiki/Chandra_Prabha_Wildlife_Sanctuary,1957,78,Chandauli
Dr. Bhimrao Ambedkar Bird Sanctuary,Bird Sanctuary,Uttar Pradesh,https://en.wikipedia.org/wiki/Dr._Bhimrao_Ambedkar_Bird_Sanctuary?action=edit&redlink=1,2003,4.27,Raebareli
Hastinapur Wildlife Sanctuary,Wildlife Sanctuary,Uttar Pradesh,https://en.wikipedia.org/wiki/Hastinapur_Wildlife_Sanctuary,1986,2073,"Bijnore, Ghaziabad, Jyotiba Nagar, Meerut, Muzaffarnagar"
Kachhua Wildlife Sanctuary,Wildlife Sanctuary,Uttar Pradesh,https://en.wikipedia.org/wiki/Kachhua_Sanctuary,1989,7,Varanasi
Kaimoor Wildlife Sanctuary,Wildlife Sanctuary,Uttar Pradesh,https://en.wikipedia.org/wiki/Kaimoor_Wildlife_Sanctuary,1982,500.73,"Mirzapur, Sonbhadra"
Katarniaghat Wildlife Sanctuary,Wildlife Sanctuary,Uttar Pradesh,https://en.wikipedia.org/wiki/Katarniaghat_Wildlife_Sanctuary,1976,400.09,Bahraich
Kishanpur Wildlife Sanctuary,Wildlife Sanctuary,Uttar Pradesh,https://en.wikipedia.org/wiki/Kishanpur_Wildlife_Sanctuary,1972,227,"Lakhimpur-Kheri, Shahjahanpur"
Lakh Bahosi Wildlife Sanctuary,Wildlife Sanctuary,Uttar Pradesh,https://en.wikipedia.org/wiki/Lakh_Bahosi_Sanctuary,1988,80.24,Farrukhabad
Mahavir Swami Wildlife Sanctuary,Wildlife Sanctuary,Uttar Pradesh,https://en.wikipedia.org/wiki/Mahavir_Swami_Wildlife_Sanctuary,1977,5.41,Lalitpur
National Chambal Wildlife Sanctuary,National Park,Uttar Pradesh,https://en.wikipedia.org/wiki/National_Chambal_Wildlife_Sanctuary,1979,635,"Agra, Etawah"
Nawabganj Bird Sanctuary,Bird Sanctuary,Uttar Pradesh,https://en.wikipedia.org/wiki/Nawabganj_Bird_Sanctuary,1984,2.25,"Unnao, Lucknow"
Okhla Wildlife Sanctuary,Wildlife Sanctuary,Uttar Pradesh,https://en.wikipedia.org/wiki/Okhla_Sanctuary,1990,4,Gautam Buddh Nagar
Parvati Arga Wildlife Sanctuary,Wildlife Sanctuary,Uttar Pradesh,https://en.wikipedia.org/wiki/Parvati_Arga_Wildlife_Sanctuary,1990,10.84,Gonda
Patna Bird Sanctuary,Bird Sanctuary,Uttar Pradesh,https://en.wikipedia.org/wiki/Patna_Bird_Sanctuary,1990,1.09,Etah
Pilibhit Wildlife Sanctuary,Wildlife Sanctuary,Uttar Pradesh,https://en.wikipedia.org/wiki/Pilibhit_Wildlife_Sanctuary?action=edit&redlink=1,2014,730.24,Pilibhit
Ranipur Wildlife Sanctuary,Wildlife Sanctuary,Uttar Pradesh,https://en.wikipedia.org/wiki/Ranipur_Wildlife_Sanctuary,1977,230.31,"Banda, Chitrakoot"
Saman Bird Sanctuary,Bird Sanctuary,Uttar Pradesh,https://en.wikipedia.org/wiki/Saman_Bird_Sanctuary,1990,5.26,Mainpuri
Samaspur Bird Sanctuary,Bird Sanctuary,Uttar Pradesh,https://en.wikipedia.org/wiki/Samaspur_Bird_Sanctuary,1987,7.99,Rae Bareli
Sandi Bird Sanctuary,Bird Sanctuary,Uttar Pradesh,https://en.wikipedia.org/wiki/Sandi_Bird_Sanctuary,1990,3.09,Hardoi
Shekha Bird Sanctuary,Bird Sanctuary,Uttar Pradesh,https://en.wikipedia.org/wiki/Shekha_Bird_Sanctuary,2016,0.25,Aligarh
Sohagi Barwa Wildlife Sanctuary,Wildlife Sanctuary,Uttar Pradesh,https://en.wikipedia.org/wiki/Sohagi_Barwa_Wildlife_Sanctuary,1987,428.2,Maharajganj
Sohelwa Wildlife Sanctuary,Wildlife Sanctuary,Uttar Pradesh,https://en.wikipedia.org/wiki/Sohelwa_Wildlife_Sanctuary,1988,452.47,"Balrampur, Shravasti"
Sur Sarovar Bird Sanctuary,Bird Sanctuary,Uttar Pradesh,https://en.wikipedia.org/wiki/Sur_Sarovar_Sanctuary,1991,4.03,Agra
Surha Tal Bird Sanctuary,Bird Sanctuary,Uttar Pradesh,https://en.wikipedia.org/wiki/Surha_Tal_Bird_Sanctuary,1991,34.32,Ballia
Vijai Sagar Wildlife Sanctuary,Wildlife Sanctuary,Uttar Pradesh,https://en.wikipedia.org/wiki/Vijai_Sagar_Wildlife_Sanctuary,1990,2.62,Mahoba
Askot Musk Deer Sanctuary,Wildlife Sanctuary,Uttarakhand,https://en.wikipedia.org/wiki/Askot_Musk_Deer_Sanctuary,1986,600,Pithoragarh
Binsar Wildlife Sanctuary,Wildlife Sanctuary,Uttarakhand,https://en.wikipedia.org/wiki/Binsar_Wildlife_Sanctuary,1988,47.07,Almora
Govind Pashu Vihar Wildlife Sanctuary,Wildlife Sanctuary,Uttarakhand,https://en.wikipedia.org/wiki/Govind_Pashu_Vihar_Wildlife_Sanctuary,1955,485.89,Uttarkashi
Kedarnath Wildlife Sanctuary,Wildlife Sanctuary,Uttarakhand,https://en.wikipedia.org/wiki/Kedarnath_Wildlife_Sanctuary,1972,975.2,"Chamoli, Rudraprayag"
Mussoorie Wildlife Sanctuary,Wildlife Sanctuary,Uttarakhand,https://en.wikipedia.org/wiki/Mussoorie_Wildlife_Sanctuary,1993,10.82,Dehradun
Nandhaur Wildlife Sanctuary,Wildlife Sanctuary,Uttarakhand,https://en.wikipedia.org/wiki/Nandhaur_Wildlife_Sanctuary,2012,269.96,"Champawat, Nainital"
Sonanadi Wildlife Sanctuary,Wildlife Sanctuary,Uttarakhand,https://en.wikipedia.org/wiki/Sonanadi_Wildlife_Sanctuary,1987,301.18,Pauri Garhwal
Ballabhpur Wildlife Sanctuary,Wildlife Sanctuary,West Bengal,https://en.wikipedia.org/wiki/Ballabhpur_Wildlife_Sanctuary,1977,2.02,Birbhum
Bethuadahari Wildlife Sanctuary,Wildlife Sanctuary,West Bengal,https://en.wikipedia.org/wiki/Bethuadahari_Wildlife_Sanctuary,1980,0.67,Nadia
Bibhutibhushan Wildlife Sanctuary,Wildlife Sanctuary,West Bengal,https://en.wikipedia.org/wiki/Bibhutibhushan_Wildlife_Sanctuary,1985,0.64,North 24-Paraganas
Buxa Wildlife Sanctuary,Wildlife Sanctuary,West Bengal,https://en.wikipedia.org/wiki/Buxa_Tiger_Reserve,1986,251.89,Jalpaiguri
Chapramari Wildlife Sanctuary,Wildlife Sanctuary,West Bengal,https://en.wikipedia.org/wiki/Chapramari_Wildlife_Sanctuary,1976,9.6,Jalpaiguri
Chintamoni Kar Wildlife Sanctuary,Wildlife Sanctuary,West Bengal,https://en.wikipedia.org/wiki/Chintamoni_Kar_Bird_Sanctuary,1982,0.07,South 24 Parganas
Haliday Island Wildlife Sanctuary,Wildlife Sanctuary,West Bengal,https://en.wikipedia.org/wiki/Haliday_Island_Wildlife_Sanctuary,1976,5.95,South 24-Paraganas
Jore Pokhri Wildlife Sanctuary,Wildlife Sanctuary,West Bengal,https://en.wikipedia.org/wiki/Jore_Pokhri_Wildlife_Sanctuary,1985,0.04,Darjeeling
Lothian Island Wildlife Sanctuary,Wildlife Sanctuary,West Bengal,https://en.wikipedia.org/wiki/Lothian_Island_Wildlife_Sanctuary,1976,38,South 24-Paraganas
Mahananda Wildlife Sanctuary,Wildlife Sanctuary,West Bengal,https://en.wikipedia.org/wiki/Mahananda_Wildlife_Sanctuary,1976,158.04,Darjeeling
Pakhibitan Wildlife Sanctuary,Wildlife Sanctuary,West Bengal,https://en.wikipedia.org/wiki/Pakhibitan_Wildlife_Sanctuary?action=edit&redlink=1,2011,14.09,Jalpaiguri
Raiganj Wildlife Sanctuary,Wildlife Sanctuary,West Bengal,https://en.wikipedia.org/wiki/Raiganj_Wildlife_Sanctuary,1985,1.3,North Dinajpur
Ramnabagan Wildlife Sanctuary,Wildlife Sanctuary,West Bengal,https://en.wikipedia.org/wiki/Ramnabagan_Wildlife_Sanctuary,1981,0.15,Burdwan
Sajnakhali Wildlife Sanctuary,Wildlife Sanctuary,West Bengal,https://en.wikipedia.org/wiki/Sajnakhali_Wildlife_Sanctuary,1976,362.4,South 24-Paraganas
Senchal Wildlife Sanctuary,Wildlife Sanctuary,West Bengal,https://en.wikipedia.org/wiki/Senchal_Wildlife_Sanctuary,1976,38.88,Darjeeling
West Sunderban Wildlife Sanctuary,Wildlife Sanctuary,West Bengal,https://en.wikipedia.org/wiki/West_Sunderban_Wildlife_Sanctuary,2013,556.45,South 24-Paraganas
