"paName","state","correctPaName","correctState","correctPaType","orderNumber","correctOrderNumber"
"MajathalWildlife Sanctuary","Himachal Pradesh","Majathal Wildlife Sanctuary","Himachal Pradesh",
"Bondla Mahaveer Wildlife Sanctuary","Goa","Bondla Wildlife Sanctuary","Goa",
"Eravikulam National Park + 4 PAs","Kerala","Eravikulam National Park, Chinnar Wildlife Sanctuary, Anamudi Shola National Park, Pampadum Shola National Park and Kurinjimala Sanctuary","Kerala",
"Valmiki Wildlife Sanctuary Valmiki National Park and Valmiki Tiger Reserve","Bihar","Valmiki Wildlife Sanctuary, Valmiki National Park and Valmiki Tiger Reserve","Bihar",
"Betla National Park Palamau Wildlife Sanctuary and Mahuadanr Wolf Sanctuary WLS","Jharkhand","Betla National Park, Palamau Wildlife Sanctuary and Mahuadanr Wolf Sanctuary","Jharkhand",
"Marine National and Marine Sanctuary","Gujarat","Marine National Park, Marine Sanctuary","Gujarat",
"Dachigham National Pak , Baltal Thajwas Sanctuary and Overa-Aru Sanctuary","Jammu and Kashmir","Dachigham National Park, Baltal Thajwas Sanctuary and Overa-Aru Sanctuary","Jammu and Kashmir",
"Badrama and Khalasuni","Odisha","Badrama Wildlife Sanctuary, Khalasuni Wildlife Sanctuary","Odisha",
"Pench National Park and the Mansingdeo","Maharashtra","Pench National Park, Mansinghdeo Wildlife Sanctuary","Maharashtra",
"Nagzira WildlifeSanctuary, New Nagzira Wildlife Sanctuary, Koka Wildlife Sanctuary, Navegaon Wildlife Sanctuary and Navegaon National Park","Maharashtra","Nagzira Wildlife Sanctuary, New Nagzira Wildlife Sanctuary, Koka Wildlife Sanctuary, Navegaon Wildlife Sanctuary and Navegaon National Park","Maharashtra",
"Kaimur WLS, Mirzapur-SonbhadraESZ Notification","Uttar Pradesh","Kaimur Wildlife Sanctuary","Uttar Pradesh","Wildlife Sanctuary"
"Tadoba Tiger Reserve and Andheri WLS ESZ Notification","Maharashtra","Tadoba-Andhari Tiger Reserve","Maharashtra","Tiger Reserve"
"Tadoba and Andhari Wildlife Sanctuary, Maharashtra","Maharashtra","Tadoba-Andhari Tiger Reserve","Maharashtra","Tiger Reserve"
"Malabar Wildlife Sanctuary, Kerala (Malayalam version) (Disclaimer: The contents of this publication are purely on the basis of submission made by the State Government of Kerala vide its letter No. D2/85/2021/FWLD, dated 04/02/2022. In case there are any discrepancy in this Malayalam version, the English version of the draft ESZ Notification published vide S.O.No.2634(E) dated 05.08.2020 (ESZ around Malabar Wildlife Sanctuary) shall prevail.)","Kerala","Malabar Wildlife Sanctuary","Kerala","Wildlife Sanctuary"
"Silent Valley National Park, Kerala (Malayalam version) (Disclaimer: The contents of this publication are purely on the basis of submission made by the State Government of Kerala vide its letter No. D2/85/2021/FWLD, dated 04/02/2022. In case there are any discrepancy in this Malayalam version, the English version of the draft ESZ Notification published vide S.O. No.3880(E) dated 27.10.2020 (ESZ around Silent Valley National Park) shall prevail.)","Kerala","Silent Valley National Park","Kerala","National Park"
"Mukundra hills Tiger Reserve Sanctuary,","Rajasthan","Mukundra Hills Tiger Reserve","Rajasthan","Tiger Reserve"
"Mukundra hills tiger reserve Sanctuary","Rajasthan","Mukundra Hills Tiger Reserve","Rajasthan","Tiger Reserve"
"Coringa Wildlife Santuary","Andhra Pradesh","Coringa Wildlife Sanctuary","Andhra Pradesh","Wildlife Sanctuary"
"Cuthbert Bay Wildlife","Andaman and Nicobar","Cuthbert Bay Wildlife Sanctuary","Andaman and Nicobar","Wildlife Sanctuary"
"Cuthbert Bay Sanctuary","Andaman and Nicobar","Cuthbert Bay Wildlife Sanctuary","Andaman and Nicobar","Wildlife Sanctuary"
"Arial Wildlife Sanctuary","Andaman and Nicobar","Arial Island Wildlife Sanctuary","Andaman and Nicobar","Wildlife Sanctuary"
"Bamboo Wildlife Sanctuary","Andaman and Nicobar","Bamboo Island Wildlife Sanctuary","Andaman and Nicobar","Wildlife Sanctuary"
"Barren Wildlife Sanctuary","Andaman and Nicobar","Barren Island Wildlife Sanctuary","Andaman and Nicobar","Wildlife Sanctuary"
"Batti Malv Wildlife Sanctuary","Andaman and Nicobar","Battimalv Island Wildlife Sanctuary","Andaman and Nicobar","Wildlife Sanctuary"
"Belle Wildlife Sanctuary","Andaman and Nicobar","Belle Island Wildlife Sanctuary","Andaman and Nicobar","Wildlife Sanctuary"
"Bennette Wildlife Sanctuary","Andaman and Nicobar","Benett Island Wildlife Sanctuary","Andaman and Nicobar","Wildlife Sanctuary"
"Bingham Wildlife Sanctuary","Andaman and Nicobar","Bingham Island Wildlife Sanctuary","Andaman and Nicobar","Wildlife Sanctuary"
"Blister Wildlife Sanctuary","Andaman and Nicobar","Blister Island Wildlife Sanctuary","Andaman and Nicobar","Wildlife Sanctuary"
"Bluff Wildlife Sanctuary","Andaman and Nicobar","Bluff Island Wildlife Sanctuary","Andaman and Nicobar","Wildlife Sanctuary"
"Bondoville Wildlife Sanctuary","Andaman and Nicobar","Bondoville Island Wildlife Sanctuary","Andaman and Nicobar","Wildlife Sanctuary"
"Brush Wildlife Sanctuary","Andaman and Nicobar","Brush Island Wildlife Sanctuary","Andaman and Nicobar","Wildlife Sanctuary"
"Buchanan Wildlife Sanctuary","Andaman and Nicobar","Buchanan Island Wildlife Sanctuary","Andaman and Nicobar","Wildlife Sanctuary"
"Channel Wildlife Sanctuary","Andaman and Nicobar","Chanel Island Wildlife Sanctuary","Andaman and Nicobar","Wildlife Sanctuary"
"Cinque Island Wildlife Sanctuary","Andaman and Nicobar","Cinque Islands Wildlife Sanctuary","Andaman and Nicobar","Wildlife Sanctuary"
"Clyde Wildlife Sanctuary","Andaman and Nicobar","Clyde Island Wildlife Sanctuary","Andaman and Nicobar","Wildlife Sanctuary"
"Cone Wildlife Sanctuary","Andaman and Nicobar","Cone Island Wildlife Sanctuary","Andaman and Nicobar","Wildlife Sanctuary"
"Curlew Bp Wildlife Sanctuary","Andaman and Nicobar","Curlew (B.P.) Island Wildlife Sanctuary","Andaman and Nicobar","Wildlife Sanctuary"
"Curlew Wildlife Sanctuary","Andaman and Nicobar","Curlew Island Wildlife Sanctuary","Andaman and Nicobar","Wildlife Sanctuary"
"Defence Wildlife Sanctuary","Andaman and Nicobar","Defence Island Wildlife Sanctuary","Andaman and Nicobar","Wildlife Sanctuary"
"Dot Wildlife Sanctuary","Andaman and Nicobar","Dot Island Wildlife Sanctuary","Andaman and Nicobar","Wildlife Sanctuary"
"Dotrell Wildlife Sanctuary","Andaman and Nicobar","Dottrell Island Wildlife Sanctuary","Andaman and Nicobar","Wildlife Sanctuary"
"Duncan Wildlife Sanctuary","Andaman and Nicobar","Duncan Island Wildlife Sanctuary","Andaman and Nicobar","Wildlife Sanctuary"
"East Wildlife Sanctuary","Andaman and Nicobar","East Island Wildlife Sanctuary","Andaman and Nicobar","Wildlife Sanctuary"
"Egg Wildlife Sanctuary","Andaman and Nicobar","Egg Island Wildlife Sanctuary","Andaman and Nicobar","Wildlife Sanctuary"
"Entrance Wildlife Sanctuary","Andaman and Nicobar","Entrance Island Wildlife Sanctuary","Andaman and Nicobar","Wildlife Sanctuary"
"Flat Wildlife Sanctuary","Andaman and Nicobar","Flat Island Wildlife Sanctuary","Andaman and Nicobar","Wildlife Sanctuary"
"Gander Wildlife Sanctuary","Andaman and Nicobar","Gander Island Wildlife Sanctuary","Andaman and Nicobar","Wildlife Sanctuary"
"Goose Wildlife Sanctuary","Andaman and Nicobar","Goose Island Wildlife Sanctuary","Andaman and Nicobar","Wildlife Sanctuary"
"Gurjan Wildlife Sanctuary","Andaman and Nicobar","Girjan Island Wildlife Sanctuary","Andaman and Nicobar","Wildlife Sanctuary"
"Hump Wildlife Sanctuary","Andaman and Nicobar","Hump Island Wildlife Sanctuary","Andaman and Nicobar","Wildlife Sanctuary"
"Inglis Wildlife Sanctuary","Andaman and Nicobar","East of Inglis Island Wildlife Sanctuary","Andaman and Nicobar","Wildlife Sanctuary"
"Interview Wildlife Sanctuary","Andaman and Nicobar","Interview Island Wildlife Sanctuary","Andaman and Nicobar","Wildlife Sanctuary"
"James Wildlife Sanctuary","Andaman and Nicobar","James Island Wildlife Sanctuary","Andaman and Nicobar","Wildlife Sanctuary"
"Jungle Wildlife Sanctuary","Andaman and Nicobar","Jungle Island Wildlife Sanctuary","Andaman and Nicobar","Wildlife Sanctuary"
"Kwang Tung Wildlife Sanctuary","Andaman and Nicobar","Kwangtung Island Wildlife Sanctuary","Andaman and Nicobar","Wildlife Sanctuary"
"Kyd Wildlife Sanctuary","Andaman and Nicobar","Kyd Island Wildlife Sanctuary","Andaman and Nicobar","Wildlife Sanctuary"
"Landfall Wildlife Sanctuary","Andaman and Nicobar","Landfall Island Wildlife Sanctuary","Andaman and Nicobar","Wildlife Sanctuary"
"Latouche Wildlife Sanctuary","Andaman and Nicobar","Latouche Island Wildlife Sanctuary","Andaman and Nicobar","Wildlife Sanctuary"
"Mangrove Wildlife Sanctuary","Andaman and Nicobar","Mangrove Island Wildlife Sanctuary","Andaman and Nicobar","Wildlife Sanctuary"
"Mask Wildlife Sanctuary","Andaman and Nicobar","Mask Island Wildlife Sanctuary","Andaman and Nicobar","Wildlife Sanctuary"
"Mayo Wildlife Sanctuary","Andaman and Nicobar","Mayo Island Wildlife Sanctuary","Andaman and Nicobar","Wildlife Sanctuary"
"Megapode Wildlife Sanctuary","Andaman and Nicobar","Megapode Island Wildlife Sanctuary","Andaman and Nicobar","Wildlife Sanctuary"
"Montgomery Wildlife Sanctuary","Andaman and Nicobar","Montogemery Island Wildlife Sanctuary","Andaman and Nicobar","Wildlife Sanctuary"
"Narcondam Wildlife Sanctuary","Andaman and Nicobar","Narcondam Island Wildlife Sanctuary","Andaman and Nicobar","Wildlife Sanctuary"
"North Brother Wildlife Sanctuary","Andaman and Nicobar","North Brother Island Wildlife Sanctuary","Andaman and Nicobar","Wildlife Sanctuary"
"North Reef Wildlife Sanctuary","Andaman and Nicobar","North Reef Island Wildlife Sanctuary","Andaman and Nicobar","Wildlife Sanctuary"
"North Wildlife Sanctuary","Andaman and Nicobar","North Island Wildlife Sanctuary","Andaman and Nicobar","Wildlife Sanctuary"
"Oliver Wildlife Sanctuary","Andaman and Nicobar","Oliver Island Wildlife Sanctuary","Andaman and Nicobar","Wildlife Sanctuary"
"Orchid Wildlife Sanctuary","Andaman and Nicobar","Orchid Island Wildlife Sanctuary","Andaman and Nicobar","Wildlife Sanctuary"
"Ox Wildlife Sanctuary","Andaman and Nicobar","Ox Island Wildlife Sanctuary","Andaman and Nicobar","Wildlife Sanctuary"
"Oyester I Wildlife Sanctuary","Andaman and Nicobar","Oyster Island‑I Wildlife Sanctuary","Andaman and Nicobar","Wildlife Sanctuary"
"Oyester II Wildlife Sanctuary","Andaman and Nicobar","Oyster Island‑II Wildlife Sanctuary","Andaman and Nicobar","Wildlife Sanctuary"
"Paget Wildlife Sanctuary","Andaman and Nicobar","Paget Island Wildlife Sanctuary","Andaman and Nicobar","Wildlife Sanctuary"
"Parkinson Wildlife Sanctuary","Andaman and Nicobar","Parkinson Island Wildlife Sanctuary","Andaman and Nicobar","Wildlife Sanctuary"
"Passage Wildlife Sanctuary","Andaman and Nicobar","Passage Island Wildlife Sanctuary","Andaman and Nicobar","Wildlife Sanctuary"
"Petric Wildlife Sanctuary","Andaman and Nicobar","Patric Island Wildlife Sanctuary","Andaman and Nicobar","Wildlife Sanctuary"
"Pitman Wildlife Sanctuary","Andaman and Nicobar","Pitman Island Wildlife Sanctuary","Andaman and Nicobar","Wildlife Sanctuary"
"Peacock Wildlife Sanctuary","Andaman and Nicobar","Peacock Island Wildlife Sanctuary","Andaman and Nicobar","Wildlife Sanctuary"
"Point Wildlife Sanctuary","Andaman and Nicobar","Point Island Wildlife Sanctuary","Andaman and Nicobar","Wildlife Sanctuary"
"Potanma Wildlife Sanctuary","Andaman and Nicobar","Potanma Islands Wildlife Sanctuary","Andaman and Nicobar","Wildlife Sanctuary"
"Ranger Wildlife Sanctuary","Andaman and Nicobar","Ranger Island Wildlife Sanctuary","Andaman and Nicobar","Wildlife Sanctuary"
"Reef Wildlife Sanctuary","Andaman and Nicobar","Reef Island Wildlife Sanctuary","Andaman and Nicobar","Wildlife Sanctuary"
"Roper Wildlife Sanctuary","Andaman and Nicobar","Roper Island Wildlife Sanctuary","Andaman and Nicobar","Wildlife Sanctuary"
"Ross Wildlife Sanctuary","Andaman and Nicobar","Ross Island Wildlife Sanctuary","Andaman and Nicobar","Wildlife Sanctuary"
"Rowe Wildlife Sanctuary","Andaman and Nicobar","Rowe Island Wildlife Sanctuary","Andaman and Nicobar","Wildlife Sanctuary"
"Sandy Wildlife Sanctuary","Andaman and Nicobar","Sandy Island Wildlife Sanctuary","Andaman and Nicobar","Wildlife Sanctuary"
"Sea Serpent Wildlife Sanctuary","Andaman and Nicobar","Sea Serpent Island Wildlife Sanctuary","Andaman and Nicobar","Wildlife Sanctuary"
"Shark Wildlife Sanctuary","Andaman and Nicobar","Shark Island Wildlife Sanctuary","Andaman and Nicobar","Wildlife Sanctuary"
"Shearme Wildlife Sanctuary","Andaman and Nicobar","Shearme Island Wildlife Sanctuary","Andaman and Nicobar","Wildlife Sanctuary"
"Sir Hugh Rose Wildlife Sanctuary","Andaman and Nicobar","Sir Hugh Rose Island Wildlife Sanctuary","Andaman and Nicobar","Wildlife Sanctuary"
"Sisters Wildlife Sanctuary","Andaman and Nicobar","Sisters Island Wildlife Sanctuary","Andaman and Nicobar","Wildlife Sanctuary"
"Snake Island Wildlife Sanctuary","Andaman and Nicobar","Snake Island‑I Wildlife Sanctuary","Andaman and Nicobar","Wildlife Sanctuary"
"Snake-I Wildlife Sanctuary","Andaman and Nicobar","Snake Island‑II Wildlife Sanctuary","Andaman and Nicobar","Wildlife Sanctuary"
"South Brother Wildlife Sanctuary","Andaman and Nicobar","South Brother Island Wildlife Sanctuary","Andaman and Nicobar","Wildlife Sanctuary"
"South Reef Wildlife Sanctuary","Andaman and Nicobar","South Reef Island Wildlife Sanctuary","Andaman and Nicobar","Wildlife Sanctuary"
"South Sentinel Wildlife Sanctuary","Andaman and Nicobar","South Sentinel Island Wildlife Sanctuary","Andaman and Nicobar","Wildlife Sanctuary"
"Spike II Wildlife Sanctuary","Andaman and Nicobar","Spike Island‑II Wildlife Sanctuary","Andaman and Nicobar","Wildlife Sanctuary"
"Spike-I Wildlife Sanctuary","Andaman and Nicobar","Spike Island‑I Wildlife Sanctuary","Andaman and Nicobar","Wildlife Sanctuary"
"Stoat Wildlife Sanctuary","Andaman and Nicobar","Stoat Island Wildlife Sanctuary","Andaman and Nicobar","Wildlife Sanctuary"
"Surat Wildlife Sanctuary","Andaman and Nicobar","Surat Island Wildlife Sanctuary","Andaman and Nicobar","Wildlife Sanctuary"
"Swamp Wildlife Sanctuary","Andaman and Nicobar","Swamp Island Wildlife Sanctuary","Andaman and Nicobar","Wildlife Sanctuary"
"Table Dalgarno Wildlife Sanctuary","Andaman and Nicobar","Table (Delgarno) Island Wildlife Sanctuary","Andaman and Nicobar","Wildlife Sanctuary"
"Table(Excelsior) Wildlife Sanctuary","Andaman and Nicobar","Table (Excelsior) Island Wildlife Sanctuary","Andaman and Nicobar","Wildlife Sanctuary"
"Talabaicha Wildlife Sanctuary","Andaman and Nicobar","Talabaicha Island Wildlife Sanctuary","Andaman and Nicobar","Wildlife Sanctuary"
"Temple Wildlife Sanctuary","Andaman and Nicobar","Temple Island Wildlife Sanctuary","Andaman and Nicobar","Wildlife Sanctuary"
"Tillongchong Wildlife Sanctuary","Andaman and Nicobar","Tillongchang Island Wildlife Sanctuary","Andaman and Nicobar","Wildlife Sanctuary"
"Tree Wildlife Sanctuary","Andaman and Nicobar","Tree Island Wildlife Sanctuary","Andaman and Nicobar","Wildlife Sanctuary"
"Trilby Wildlife Sanctuary","Andaman and Nicobar","Trilby Island Wildlife Sanctuary","Andaman and Nicobar","Wildlife Sanctuary"
"Tuft Wildlife Sanctuary","Andaman and Nicobar","Tuft Island Wildlife Sanctuary","Andaman and Nicobar","Wildlife Sanctuary"
"Turtle Wildlife Sanctuary","Andaman and Nicobar","Turtle Islands Wildlife Sanctuary","Andaman and Nicobar","Wildlife Sanctuary"
"West Wildlife Sanctuary","Andaman and Nicobar","West Island Wildlife Sanctuary","Andaman and Nicobar","Wildlife Sanctuary"
"Wharf Wildlife Sanctuary","Andaman and Nicobar","Wharf Island Wildlife Sanctuary","Andaman and Nicobar","Wildlife Sanctuary"
"White Cliff Wildlife Sanctuary","Andaman and Nicobar","White Cliff Island Wildlife Sanctuary","Andaman and Nicobar","Wildlife Sanctuary"
"Eagle Nest Wildlife","Arunachal Pradesh","Eagle Nest Wildlife Sanctuary","Arunachal Pradesh","Wildlife Sanctuary"
"Sonai-Rupai Wildlife","Assam","Sonai Rupai Wildlife Sanctuary","Assam","Wildlife Sanctuary"
"Mahuadanr Wolf Sanctuary Sanctuary","Jharkhand","Mahuadanr Wolf Sanctuary","Jharkhand","Wildlife Sanctuary"
"Col Sher Jun National Park Earlier Simbalbara National Park","Himachal Pradesh","Simbalbara National Park","Himachal Pradesh","National Park"
"Col. Sher Jung National Park also known as Simbalbara National Park","Himachal Pradesh","Simbalbara National Park","Himachal Pradesh","National Park"
"Kaimur Wildlife Sanctuarry","Bihar","Kaimur Wildlife Sanctuary","Bihar","Wildlife Sanctuary"
"Velvadar Black Buck Wildlife Sanctuary","Gujarat","Blackbuck National Park","Gujarat","National Park"
"Rakchham-Chitkul Wildlife Sanctuary (previously known as Sangla Valley)","Himachal Pradesh","Rakchham Chitkul Wildlife Sanctuary","Himachal Pradesh","Wildlife Sanctuary"
"ranahita (Blackbuck) Widlife Sanctuar","Telangana","Pranahita Wildlife Sanctuary","Telangana","Wildlife Sanctuary"
"Jai Prakash Narayan (Surahatal) Bird Sanctuary","Uttar Pradesh","Surha Tal Bird Sanctuary","Uttar Pradesh","Bird Sanctuary"
"Nawabganj (saheed Chandra Shekhar Azad)Bird","Uttar Pradesh","Nawabganj Bird Sanctuary","Uttar Pradesh","Bird Sanctuary"
"Sharavati Valley Lion Tailed Macaque (LTM) Sanctuary","Karnataka","Sharavathi LTM Wildlife Sanctuary","Karnataka","Wildlife Sanctuary"
"Point Calimere Sanctuary (including block A)","Tamil Nadu","Point Calimere Wildlife and Bird Sanctuary","Tamil Nadu","Wildlife Sanctuary"
"Point Calimere Sanctuary (including block B","Tamil Nadu","Point Calimere Wildlife and Bird Sanctuary","Tamil Nadu","Wildlife Sanctuary"
"Sepahijala Wildlife Sanctuary","Tripura","Sepahijala Wildlife Sanctuary, Clouded Leopard National Park","Tripura",
"Trishna Wildlife Sanctuary","Tripura","Trishna Wildlife Sanctuary, Rajbari National Park","Tripura",
"Asolabhattie Wildlife Sanctuary","Haryana","Asola Bhatti Wildlife Sanctuary","Haryana","Wildlife Sanctuary"
"Great Himalayan National Park Conservation Area","Himachal Pradesh","Khirganga National Park, Sainj Wildlife Sanctuary, Tirthan Wildlife Sanctuary and Great Himalayan National Park","Himachal Pradesh",
"Amendment in the Final Notification of Eco-sensitive Zone around Bandipur National Park and Tiger Reserve, in the state of Karnataka. (ESZ)","Karnataka","Bandipur National Park and Tiger Reserve","Karnataka",
"Dandeli Wildlife Sanctuary and Anshi National Park","Karnataka","Dandeli Wildlife Sanctuary, Anshi National Park and Kali Tiger Reserve","Karnataka",
"Neyyar Sanctuaries","Kerala","Neyyar Wildlife Sanctuary","Kerala","Wildlife Sanctuary"
"Peppara Wildlife Sanctuaries","Kerala","Peppara Wildlife Sanctuary","Kerala","Wildlife Sanctuary"
,"Andaman and Nicobar","","Andaman and Nicobar Islands",
,"Chattisgarh","","Chhattisgarh",
,"Dadra Nagar Haveli","","Dadra and Nagar Haveli and Daman and Diu",
,"National Capital Territory of Delhi","","Delhi",
,,,,,"S.O. No. 438","S.O. No. 608"
