wikidataId,wikidataUrl,wikidataLabel,protectedAreaType,partOf,image,iucnCategory,locatedInAdminTerritorialEntity,state,coordinateLatitude,coordinateLongitude,significantPlace,heritageDesignation,area,officialWebsite,pageBanner,commonsCategory,osmRelationIds,enwikiUrl,locatedInAdminTerritorialEntitySuggestedQid,locatedInAdminTerritorialEntitySuggestedLabel,locatedInAdminTerritorialEntityConfidence,locatedInAdminTerritorialEntityEvidence,locatedInAdminTerritorialEntitySuggestedSentence,quickstatement
Q3490050,https://www.wikidata.org/wiki/Q3490050,Sonai Rupai Wildlife Sanctuary,Wildlife Sanctuary,,,IUCN category IV: Habitat/Species Management Area,,,26.89416667,92.34583333,Tezpur,,,,,,,https://en.wikipedia.org/wiki/Sonai_Rupai_Wildlife_Sanctuary,,,none,no wikilink in the lead resolved to a matching item,,
Q2979693,https://www.wikidata.org/wiki/Q2979693,Campbell Bay National Park,National Park,,http://commons.wikimedia.org/wiki/Special:FilePath/Nicobar%20Treeshrew%20%28Tupaia%20nicobarica%20nicobarica%29.jpg,IUCN category II: National Park,,,7.11277778,93.76194444,,,426.23,,,,,https://en.wikipedia.org/wiki/Campbell_Bay_National_Park,,,none,no wikilink in the lead resolved to a matching item,,
Q5599625,https://www.wikidata.org/wiki/Q5599625,Great Nicobar Biosphere Reserve,,,,,,,7.05,93.775,,,,,,Great Nicobar Biosphere Reserve,,https://en.wikipedia.org/wiki/Great_Nicobar_Biosphere_Reserve,Q467745,union territory of India,low,"ambiguous: lead links to 2 different matching items (""union territory of India"" (Q467745), ""Andaman and Nicobar Islands"" (Q40888)); using the first, ""Union Territory"" (Q467745)","thumb|200px|The Great Nicobar Biosphere Reserve The Great Nicobar Biosphere Reserve encompasses a large part (some 85%) of the island of Great Nicobar, the largest of the Nicobar Islands in the Indian Union Territory of Andaman and Nicobar Islands.",
Q5517624,https://www.wikidata.org/wiki/Q5517624,Gajner Wildlife Sanctuary,Wildlife Sanctuary,,http://commons.wikimedia.org/wiki/Special:FilePath/Gajner%20Wildlife%20Sanctuary-EW-20131009.jpg,,,,27.952722222,73.056972222,,,,http://www.india-rajasthan-tours.com/rajasthan-wildlife-tours/gajner-wildlife-sanctuary.html,,Gajner Wildlife Sanctuary,,https://en.wikipedia.org/wiki/Gajner_Wildlife_Sanctuary,,,none,no wikilink in the lead resolved to a matching item,,
Q5597433,https://www.wikidata.org/wiki/Q5597433,Grass Hills National Park,National Park,Western Ghats,http://commons.wikimedia.org/wiki/Special:FilePath/Grass%20Hills%20National%20Park.jpg,,,,10.3410227,76.9856427,,part of UNESCO World Heritage Site,3123,,,,,https://en.wikipedia.org/wiki/Grass_Hills_National_Park,,,none,no wikilink in the lead resolved to a matching item,,
Q3350362,https://www.wikidata.org/wiki/Q3350362,Jaldapara National Park,National Park,,http://commons.wikimedia.org/wiki/Special:FilePath/Elephant%20safari.jpg,IUCN category II: National Park,,,26.628611,89.3775,Madarihat,,,http://jaldapara.in/,http://commons.wikimedia.org/wiki/Special:FilePath/Jaldapara%20banner%20Rhinoceros.jpg,Jaldapara National Park,,https://en.wikipedia.org/wiki/Jaldapara_National_Park,,,none,no wikilink in the lead resolved to a matching item,,
Q3523324,https://www.wikidata.org/wiki/Q3523324,Karimpuzha National Park,National Park,,,,,,11.275,76.42361111,,,,,,,,https://en.wikipedia.org/wiki/Karimpuzha_National_Park,Q1186,Kerala,low,"ambiguous: lead links to 2 different matching items (""Kerala"" (Q1186), ""Tamil Nadu"" (Q1445)); using the first, ""Kerala"" (Q1186)","Karimpuzha National Park (Malayalam: കരിമ്പുഴ നാഷണൽ പാർക്ക്‌) is a 230&nbsp;km² proposed National Park located at in the Nilgiri Hills area of Kerala and Tamil Nadu, in South India, IUCN category: PRO",
Q3530830,https://www.wikidata.org/wiki/Q3530830,Nilgiri Biosphere Reserve,,,http://commons.wikimedia.org/wiki/Special:FilePath/Doddabetta%20view.jpg,,,,11.67,76.54,,,,,,Nilgiri Biosphere Reserve,,https://en.wikipedia.org/wiki/Nilgiri_Biosphere_Reserve,Q1445,Tamil Nadu,low,"ambiguous: lead links to 3 different matching items (""Tamil Nadu"" (Q1445), ""Karnataka"" (Q1185), ""Kerala"" (Q1186)); using the first, ""Tamil Nadu"" (Q1445)","It is the largest protected forest area in India, spreading across Tamil Nadu, Karnataka and Kerala.",
Q3595505,https://www.wikidata.org/wiki/Q3595505,Agasthyamala Biosphere Reserve,,,,,,,8.703,77.235361111,Nagercoil,,,,,Agasthyamala Biosphere Reserve,,https://en.wikipedia.org/wiki/Agasthyamala_Biosphere_Reserve,Q1186,Kerala,low,"ambiguous: lead links to 2 different matching items (""Kerala"" (Q1186), ""Tamil Nadu"" (Q1445)); using the first, ""Kerala"" (Q1186)","The Agasthyamalai Biosphere Reserve is a biosphere reserve in India established in 2001, located in the southernmost end of the Western Ghats and includes of which 1828&nbsp;km2 is in Kerala and 1672.36&nbsp;km2 is in Tamil Nadu.",
Q3635045,https://www.wikidata.org/wiki/Q3635045,Binsar Wildlife Sanctuary,Wildlife Sanctuary,,http://commons.wikimedia.org/wiki/Special:FilePath/Binsar%20Oak%20Forests.JPG,IUCN category IV: Habitat/Species Management Area,,,29.63222222,79.3375,Almora,,,,http://commons.wikimedia.org/wiki/Special:FilePath/Binsar%20Banner%20Wikivoyage.jpg,Binsar Wildlife Sanctuary,,https://en.wikipedia.org/wiki/Binsar_Wildlife_Sanctuary,,,none,no wikilink in the lead resolved to a matching item,,
Q7005299,https://www.wikidata.org/wiki/Q7005299,New Amarambalam Reserved Forest,,Western Ghats,http://commons.wikimedia.org/wiki/Special:FilePath/Nilgiri%20wood%20pigeon%20%28Columba%20elphinstonii%29.jpg,IUCN category II: National Park,,,11.23333333,76.18333333,Nilambur,part of UNESCO World Heritage Site,24697,,,New Amarambalam Reserved Forest,,https://en.wikipedia.org/wiki/New_Amarambalam_Reserved_Forest,Q1030918,Malappuram district,low,"ambiguous: lead links to 3 different matching items (""Malappuram district"" (Q1030918), ""Palakkad district"" (Q1535742), ""Nilgiris district"" (Q15188)); using the first, ""Malappuram District"" (Q1030918)","New Amarambalam reserved forest is a forest reserve in the Western Ghats, situated in the Malappuram District of Kerala state of India.",
Q648548,https://www.wikidata.org/wiki/Q648548,Guindy National Park,National Park,,http://commons.wikimedia.org/wiki/Special:FilePath/Guindy%20national%20park.jpg,IUCN category II: National Park,,,13.00259,80.23079,Chennai,,2.8,,,Guindy National Park,,https://en.wikipedia.org/wiki/Guindy_National_Park,,,none,no wikilink in the lead resolved to a matching item,,
Q13116281,https://www.wikidata.org/wiki/Q13116281,Karian Shola National Park,National Park,Western Ghats,,,,,10.38333333,77.08333333,,part of UNESCO World Heritage Site,503,,,,,https://en.wikipedia.org/wiki/Karian_Shola_National_Park,Q1445,Tamil Nadu,low,"ambiguous: lead links to 2 different matching items (""Tamil Nadu"" (Q1445), ""Kerala"" (Q1186)); using the first, ""Tamil Nadu"" (Q1445)",The National Park area spans 5.03 km² and is entirely located within the Anamalai Tiger Reserve in Tamil Nadu state.,
Q13118992,https://www.wikidata.org/wiki/Q13118992,Pritisangam,,,,,,,17.285,74.184,Karad,,,,,,,https://en.wikipedia.org/wiki/Pritisangam,,,none,no wikilink in the lead resolved to a matching item,,
Q7262461,https://www.wikidata.org/wiki/Q7262461,Puttenahalli Lake,,,,IUCN category IV: Habitat/Species Management Area,,,13.11111111,77.57611111,Bengaluru,,,,,,,https://en.wikipedia.org/wiki/Puttenahalli_Lake_(Yelahanka),,,none,no wikilink in the lead resolved to a matching item,,
Q3217688,https://www.wikidata.org/wiki/Q3217688,Laokhowa Wildlife Sanctuary,Wildlife Sanctuary,,,IUCN category IV: Habitat/Species Management Area,,Assam,26.50666667,92.71055556,Nagaon,,,,,,,https://en.wikipedia.org/wiki/Laokhowa_Wildlife_Sanctuary,Q42686,Q42686,medium,"wikilink #5 in the lead, ""Nagaon district"" (Q42686), is an instance of ""district of India"" (Q1149652)",Laokhowa Wildlife Sanctuary is a wildlife sanctuary in the state of Assam in India covering on the south bank of the Brahmaputra River in Nagaon district.,Q3217688	P131	Q42686	S143	Q328
Q3326008,https://www.wikidata.org/wiki/Q3326008,Mount Abu Wildlife Sanctuary,Wildlife Sanctuary,,http://commons.wikimedia.org/wiki/Special:FilePath/Nakki%20Lake%20from%20Mount%20Abu%20Wildlife%20Sanctuary.JPG,IUCN category IV: Habitat/Species Management Area,,,24.55,72.63333333,Aburaj,,,,,,,https://en.wikipedia.org/wiki/Mount_Abu_Wildlife_Sanctuary,,,none,no wikilink in the lead resolved to a matching item,,
Q3330156,https://www.wikidata.org/wiki/Q3330156,Pampadum Shola National Park,National Park,,http://commons.wikimedia.org/wiki/Special:FilePath/Pampadumshola.jpg,IUCN category II: National Park,,,10.14388889,77.26694444,Marayur,,,,,Pampadum Shola National Park,,https://en.wikipedia.org/wiki/Pampadum_Shola_National_Park,Q301821,Idukki district,low,"ambiguous: lead links to 2 different matching items (""Idukki district"" (Q301821), ""Dindigul district"" (Q15154)); using the first, ""Idukki district"" (Q301821)",Pampadum Shola National Park is the smallest national park in Idukki district of Kerala in India.,
Q7701533,https://www.wikidata.org/wiki/Q7701533,Terai Arc Landscape,,,,,,,,,,,,,,,,https://en.wikipedia.org/wiki/Terai_Arc_Landscape,,,none,no wikilink in the lead resolved to a matching item,,
Q3895706,https://www.wikidata.org/wiki/Q3895706,Q3895706,,,,,,,,,,,,,,,,,,,none,no enwiki article found for this item,,
Q14205920,https://www.wikidata.org/wiki/Q14205920,Begur Wildlife Sanctuary,Wildlife Sanctuary,,,,,,11.84763,76.0853,,,,,,,,,,,none,no enwiki article found for this item,,
Q17564493,https://www.wikidata.org/wiki/Q17564493,Q17564493,,,,,,,27.066667,94.5,,,,,,,,,,,none,no enwiki article found for this item,,
Q22771835,https://www.wikidata.org/wiki/Q22771835,Gulf of Mannar,,,,,,,8.81,78.63,,,,,,Gulf of Mannar,,,,,none,no enwiki article found for this item,,
Q22806742,https://www.wikidata.org/wiki/Q22806742,Nokrek,,,,,,,25.4855,90.338,,,,,,,,,,,none,no enwiki article found for this item,,
Q54833564,https://www.wikidata.org/wiki/Q54833564,Similipal Biosphere Reserve,,,,,,,,,,,,,,,,,,,none,no enwiki article found for this item,,
Q63258902,https://www.wikidata.org/wiki/Q63258902,Lumding Reserve Forest,,,,,,,,,,,,,,,,,,,none,no enwiki article found for this item,,
Q66004174,https://www.wikidata.org/wiki/Q66004174,Padinalknad Reserved Forest,,Western Ghats,,,,,12.5464,75.7078,,part of UNESCO World Heritage Site,18476,,,,,,,,none,no enwiki article found for this item,,
Q66004175,https://www.wikidata.org/wiki/Q66004175,Kerti Reserved Forest,,Western Ghats,,,,,12.5464,75.7078,,part of UNESCO World Heritage Site,7904,,,,,,,,none,no enwiki article found for this item,,
Q66004181,https://www.wikidata.org/wiki/Q66004181,Someshwara Reserved Forest,,Western Ghats,,,,,13.4997,75.1006,,part of UNESCO World Heritage Site,11292,,,,,,,,none,no enwiki article found for this item,,
Q66004184,https://www.wikidata.org/wiki/Q66004184,Balahalli Reserved Forest,,Western Ghats,,,,,13.4997,75.1006,,part of UNESCO World Heritage Site,2263,,,,,,,,none,no enwiki article found for this item,,
Q97266685,https://www.wikidata.org/wiki/Q97266685,Q97266685,,,,,,,,,,,,,,,,,,,none,no enwiki article found for this item,,
Q105007584,https://www.wikidata.org/wiki/Q105007584,Amsoi Reserve Forest,,,,,,Assam,26.21666667,92.7,,,,,,,,,,,none,no enwiki article found for this item,,
Q105741355,https://www.wikidata.org/wiki/Q105741355,Kakaijana Wildlife Sanctuary,Wildlife Sanctuary,,,,,,,,,,,,,,,,,,none,no enwiki article found for this item,,
Q124393029,https://www.wikidata.org/wiki/Q124393029,Bhadur forest,,,,,,,22.9364123,87.7469917,,,,,,,,,,,none,no enwiki article found for this item,,
Q130492163,https://www.wikidata.org/wiki/Q130492163,Bogoli Reserve Forest,,,,,,,27.1598699,93.8477224,,,,,,,,,,,none,no enwiki article found for this item,,
Q126476600,https://www.wikidata.org/wiki/Q126476600,Biodiversity Heritage Site,,,,,,,,,,,,,,,,https://en.wikipedia.org/wiki/Biodiversity_Heritage_Site,,,none,no wikilink in the lead resolved to a matching item,,
Q126476611,https://www.wikidata.org/wiki/Q126476611,Ashramam Biodiversity Heritage Site,,,,,,,8.895555555,76.586388888,,,,,,,,https://en.wikipedia.org/wiki/Ashramam_Biodiversity_Heritage_Site,,,none,no wikilink in the lead resolved to a matching item,,
Q106240301,https://www.wikidata.org/wiki/Q106240301,Nandankanan Wildlife Sanctuary,Wildlife Sanctuary,,,,,,,,,,4.37,,,,,,,,none,no enwiki article found for this item,,
