wikidataId,wikidataUrl,wikidataLabel,protectedAreaType,partOf,image,iucnCategory,locatedInAdminTerritorialEntity,state,coordinateLatitude,coordinateLongitude,significantPlace,heritageDesignation,area,officialWebsite,pageBanner,commonsCategory,osmRelationIds,enwikiUrl,stateSuggestedQid,stateSuggestedLabel,stateConfidence,stateEvidence,quickstatement
Q7206319,https://www.wikidata.org/wiki/Q7206319,Pocharam Wildlife Sanctuary,Wildlife Sanctuary,,http://commons.wikimedia.org/wiki/Special:FilePath/A%20view%20from%20Pocharam%20Lake%20with%20Herons%2C%20Egrets%2C%20Openbills%20etc%20W%20IMG%209727.jpg,IUCN category IV: Habitat/Species Management Area,,,18.125,78.2,Medak,,,http://forest.ap.nic.in/WL%20POCHARAM.htm,,Pocharam Wildlife Sanctuary,,https://en.wikipedia.org/wiki/Pocharam_Wildlife_Sanctuary,Q677037,Telangana,medium,"wikilink #5 in the lead, ""Telangana State"" (Q677037), is an instance of Q12443800",Q7206319	P131	Q677037
Q7262461,https://www.wikidata.org/wiki/Q7262461,Puttenahalli Lake,,,,IUCN category IV: Habitat/Species Management Area,,,13.11111111,77.57611111,Bengaluru,,,,,,,https://en.wikipedia.org/wiki/Puttenahalli_Lake_(Yelahanka),,,none,no wikilink in the lead resolved to a matching item,
Q5142237,https://www.wikidata.org/wiki/Q5142237,Cold Desert,,,,,,,,,,Tentative World Heritage Site,,https://whc.unesco.org/en/tentativelists/6055/,,,,https://en.wikipedia.org/wiki/Cold_Desert_(biosphere_reserve),Q1177,Himachal Pradesh,medium,"wikilink #4 in the lead, ""Himachal Pradesh"" (Q1177), is an instance of Q12443800",Q5142237	P131	Q1177
Q5311756,https://www.wikidata.org/wiki/Q5311756,Dudhwa Tiger Reserve,Tiger Reserve,,http://commons.wikimedia.org/wiki/Special:FilePath/A%20Bengal%20Tiger%27s%20Pugmarks....jpg,IUCN category II: National Park,,,28.508333333,80.68,,,,,,,,https://en.wikipedia.org/wiki/Dudhwa_Tiger_Reserve,Q1498,Uttar Pradesh,medium,"wikilink #3 in the lead, ""Uttar Pradesh"" (Q1498), is an instance of Q12443800",Q5311756	P131	Q1498
Q5517624,https://www.wikidata.org/wiki/Q5517624,Gajner Wildlife Sanctuary,Wildlife Sanctuary,,http://commons.wikimedia.org/wiki/Special:FilePath/Gajner%20Wildlife%20Sanctuary-EW-20131009.jpg,,,,27.952722222,73.056972222,,,,http://www.india-rajasthan-tours.com/rajasthan-wildlife-tours/gajner-wildlife-sanctuary.html,,Gajner Wildlife Sanctuary,,https://en.wikipedia.org/wiki/Gajner_Wildlife_Sanctuary,,,none,no wikilink in the lead resolved to a matching item,
Q5520164,https://www.wikidata.org/wiki/Q5520164,Gamgul,,,,IUCN category IV: Habitat/Species Management Area,,,32.847,76.068,,,,,,,,https://en.wikipedia.org/wiki/Gamgul_Siyabehi_Wildlife_Sanctuary,Q1177,Himachal Pradesh,low,"ambiguous: lead links to 2 different matching items (Q1177, Q66278313); using the first, ""Himachal Pradesh""",
Q5589844,https://www.wikidata.org/wiki/Q5589844,Govind Pashu Vihar National Park and Sanctuary,National Park,,,IUCN category II: National Park,,,31.1,78.29,,,,,,Govind Wildlife Sanctuary and National Park,,https://en.wikipedia.org/wiki/Govind_Pashu_Vihar_National_Park,Q1499,Uttarakhand,medium,"wikilink #2 in the lead, ""Uttarakhand"" (Q1499), is an instance of Q12443800",Q5589844	P131	Q1499
Q5597433,https://www.wikidata.org/wiki/Q5597433,Grass Hills National Park,National Park,Western Ghats,http://commons.wikimedia.org/wiki/Special:FilePath/Grass%20Hills%20National%20Park.jpg,,,,10.3410227,76.9856427,,part of UNESCO World Heritage Site,3123,,,,,https://en.wikipedia.org/wiki/Grass_Hills_National_Park,,,none,no wikilink in the lead resolved to a matching item,
Q5599625,https://www.wikidata.org/wiki/Q5599625,Great Nicobar Biosphere Reserve,,,,,,,7.05,93.775,,,,,,Great Nicobar Biosphere Reserve,,https://en.wikipedia.org/wiki/Great_Nicobar_Biosphere_Reserve,Q40888,Andaman and Nicobar Islands,medium,"wikilink #5 in the lead, ""Andaman and Nicobar Islands"" (Q40888), is an instance of Q467745",Q5599625	P131	Q40888
Q176792,https://www.wikidata.org/wiki/Q176792,Silent Valley National Park,National Park,Western Ghats,http://commons.wikimedia.org/wiki/Special:FilePath/Silent%20Valley%20National%20Park%20greenary.jpg,IUCN category II: National Park,,,11.133333333,76.466666666,Palakkad,part of UNESCO World Heritage Site,8952,http://silentvalley.gov.in/,http://commons.wikimedia.org/wiki/Special:FilePath/Silent%20Valley%20National%20Park%20greenary%20%28cropped%29.jpg,Silent Valley National Park,,https://en.wikipedia.org/wiki/Silent_Valley_National_Park,Q1186,Kerala,low,"ambiguous: lead links to 2 different matching items (Q1186, Q1445); using the first, ""Kerala""",
Q3334361,https://www.wikidata.org/wiki/Q3334361,Murlen National Park,National Park,,,IUCN category II: National Park,,,23.61694444,93.3,,,,,,,,https://en.wikipedia.org/wiki/Murlen_National_Park,Q1502,Mizoram,medium,"wikilink #5 in the lead, ""Mizoram"" (Q1502), is an instance of Q12443800",Q3334361	P131	Q1502
Q3350362,https://www.wikidata.org/wiki/Q3350362,Jaldapara National Park,National Park,,http://commons.wikimedia.org/wiki/Special:FilePath/Elephant%20safari.jpg,IUCN category II: National Park,,,26.628611,89.3775,Madarihat,,,http://jaldapara.in/,http://commons.wikimedia.org/wiki/Special:FilePath/Jaldapara%20banner%20Rhinoceros.jpg,Jaldapara National Park,,https://en.wikipedia.org/wiki/Jaldapara_National_Park,,,none,no wikilink in the lead resolved to a matching item,
Q3364416,https://www.wikidata.org/wiki/Q3364416,Mandla Plant Fossils National Park,National Park,,http://commons.wikimedia.org/wiki/Special:FilePath/Fossil2.jpg,IUCN category II: National Park,,,23.11027778,80.61361111,Dindori,,,,,,,https://en.wikipedia.org/wiki/Mandla_Plant_Fossils_National_Park,Q1188,Madhya Pradesh,high,"1st wikilink in the lead, ""Madhya Pradesh"" (Q1188), is an instance of Q12443800",Q3364416	P131	Q1188
Q3364450,https://www.wikidata.org/wiki/Q3364450,Gugamal National Park,National Park,,http://commons.wikimedia.org/wiki/Special:FilePath/Forest%20Owlet%20%28Heteroglaux%20blewitti%2C%20Athene%20blewitti%29%20in%20Melghat%20Tiger%20Reserve%20Maharashtra%20%282%29.jpg,IUCN category II: National Park,,,21.40555556,77.14861111,,,,,,,,https://en.wikipedia.org/wiki/Gugamal_National_Park,Q1191,Maharashtra,medium,"wikilink #10 in the lead, ""Maharashtra"" (Q1191), is an instance of Q12443800",Q3364450	P131	Q1191
Q3364465,https://www.wikidata.org/wiki/Q3364465,Middle Button Island National Park,National Park,,,IUCN category II: National Park,,,12.27555556,93.02611111,,,,,,,,https://en.wikipedia.org/wiki/Middle_Button_Island_National_Park,Q40888,Andaman and Nicobar Islands,high,"1st wikilink in the lead, ""Andaman and Nicobar"" (Q40888), is an instance of Q467745",Q3364465	P131	Q40888
Q3364468,https://www.wikidata.org/wiki/Q3364468,North Button Island National Park,National Park,,http://commons.wikimedia.org/wiki/Special:FilePath/Button%20Islands-North%20Button.png,IUCN category II: National Park,,,12.31722222,93.06805556,,,,,,,,https://en.wikipedia.org/wiki/North_Button_Island_National_Park,Q40888,Andaman and Nicobar Islands,medium,"wikilink #2 in the lead, ""Andaman and Nicobar Islands"" (Q40888), is an instance of Q467745",Q3364468	P131	Q40888
Q3457187,https://www.wikidata.org/wiki/Q3457187,Dampa Tiger Reserve,Tiger Reserve,,http://commons.wikimedia.org/wiki/Special:FilePath/Dampa%20Tiger%20Reserve%20Forest.jpg,IUCN category IV: Habitat/Species Management Area,,,23.41666667,92.33333333,,,,,,,,https://en.wikipedia.org/wiki/Dampa_Tiger_Reserve,Q1502,Mizoram,high,"1st wikilink in the lead, ""Mizoram"" (Q1502), is an instance of Q12443800",Q3457187	P131	Q1502
Q2125633,https://www.wikidata.org/wiki/Q2125633,Radhanagari Wildlife Sanctuary,Wildlife Sanctuary,Western Ghats,http://commons.wikimedia.org/wiki/Special:FilePath/Radhanagri%20wildlife%20reserve.jpg,IUCN category IV: Habitat/Species Management Area,,,16.384,73.956,Kolhapur,part of UNESCO World Heritage Site,351.16,,,Radhanagari Wildlife Sanctuary,,https://en.wikipedia.org/wiki/Radhanagari_Wildlife_Sanctuary,Q1191,Maharashtra,medium,"wikilink #2 in the lead, ""Maharashtra"" (Q1191), is an instance of Q12443800",Q2125633	P131	Q1191
Q2281202,https://www.wikidata.org/wiki/Q2281202,Gangotri National Park,National Park,,http://commons.wikimedia.org/wiki/Special:FilePath/Gomukha%20gangotri.jpg,IUCN category II: National Park,,,31.088194444,79.1455,Uttarkashi,,,,,Gangotri National Park,,https://en.wikipedia.org/wiki/Gangotri_National_Park,Q1499,Uttarakhand,medium,"wikilink #2 in the lead, ""Uttarakhand"" (Q1499), is an instance of Q12443800",Q2281202	P131	Q1499
Q2429161,https://www.wikidata.org/wiki/Q2429161,Melghat,,,http://commons.wikimedia.org/wiki/Special:FilePath/Melghat%20Tiger%20Reserve.JPG,,,,21.44583333,77.19722222,,,,http://melghattiger.gov.in/,,Melghat,,https://en.wikipedia.org/wiki/Melghat,Q1191,Maharashtra,medium,"wikilink #2 in the lead, ""Maharashtra"" (Q1191), is an instance of Q12443800",Q2429161	P131	Q1191
Q32171,https://www.wikidata.org/wiki/Q32171,protected area of Himachal Pradesh,,,,,,,,,,,,,,,,https://en.wikipedia.org/wiki/List_of_protected_areas_of_Himachal_Pradesh,Q1177,Himachal Pradesh,high,"1st wikilink in the lead, ""Himachal Pradesh"" (Q1177), is an instance of Q12443800",Q32171	P131	Q1177
Q37564,https://www.wikidata.org/wiki/Q37564,Kadalundi Bird Sanctuary,Bird Sanctuary,,http://commons.wikimedia.org/wiki/Special:FilePath/Kadalundi%20Bird%20Sanctuary.jpg,,,,11.131,75.829,,,,,,Kadalundi Bird Sanctuary,,https://en.wikipedia.org/wiki/Kadalundi_Bird_Sanctuary,Q1186,Kerala,medium,"wikilink #4 in the lead, ""Kerala"" (Q1186), is an instance of Q12443800",Q37564	P131	Q1186
Q7559997,https://www.wikidata.org/wiki/Q7559997,Someshwara Wildlife Sanctuary,Wildlife Sanctuary,Western Ghats,,IUCN category IV: Habitat/Species Management Area,,,13.48333333,74.83333333,,part of UNESCO World Heritage Site,8840,,,Someshwara Wildlife Sanctuary,,https://en.wikipedia.org/wiki/Someshwara_Wildlife_Sanctuary,Q1185,Karnataka,medium,"wikilink #2 in the lead, ""Karnataka"" (Q1185), is an instance of Q12443800",Q7559997	P131	Q1185
Q17010836,https://www.wikidata.org/wiki/Q17010836,Achabal Wildlife Sanctuary,Wildlife Sanctuary,,,,,,,,,,,,,,,https://en.wikipedia.org/wiki/Achabal_Wildlife_Sanctuary,Q66278313,Jammu and Kashmir,medium,"wikilink #2 in the lead, ""Jammu and Kashmir (union territory)"" (Q66278313), is an instance of Q467745",Q17010836	P131	Q66278313
Q17138383,https://www.wikidata.org/wiki/Q17138383,Rajparian Wildlife Sanctuary,Wildlife Sanctuary,,,IUCN category IV: Habitat/Species Management Area,,,33.6594,75.4714,,,,,,,,https://en.wikipedia.org/wiki/Rajparian_Wildlife_Sanctuary,Q66278313,Jammu and Kashmir,medium,"wikilink #2 in the lead, ""Jammu and Kashmir (union territory)"" (Q66278313), is an instance of Q467745",Q17138383	P131	Q66278313
Q1544313,https://www.wikidata.org/wiki/Q1544313,Rani Jhansi Marine National Park,National Park,,http://commons.wikimedia.org/wiki/Special:FilePath/Ritchies%20Archipelago%20locale.png,IUCN category II: National Park,,,11.78333333,92.66666667,,,320.06,,,,,https://en.wikipedia.org/wiki/Rani_Jhansi_Marine_National_Park,Q40888,Andaman and Nicobar Islands,high,"1st wikilink in the lead, ""Andaman and Nicobar Islands"" (Q40888), is an instance of Q467745",Q1544313	P131	Q40888
Q1723746,https://www.wikidata.org/wiki/Q1723746,Kanger Ghati National Park,National Park,,http://commons.wikimedia.org/wiki/Special:FilePath/Kanger%20valley12.JPG,IUCN category II: National Park,,,18.832,82.011,Jagdalpur,Tentative World Heritage Site,200,,,Kanger Ghati National Park,,https://en.wikipedia.org/wiki/Kanger_Valley_National_Park,Q1168,Chhattisgarh,low,"ambiguous: lead links to 2 different matching items (Q1168, Q22048); using the first, ""Chhattisgarh""",
Q4941423,https://www.wikidata.org/wiki/Q4941423,Bondla Wildlife Sanctuary,Wildlife Sanctuary,,,,,,15.4268,74.1136,,,,,http://commons.wikimedia.org/wiki/Special:FilePath/Bondla%20Banner.jpg,Bondla Wildlife Sanctuary,,https://en.wikipedia.org/wiki/Bondla_Wildlife_Sanctuary,Q1171,Goa,medium,"wikilink #2 in the lead, ""Goa"" (Q1171), is an instance of Q12443800",Q4941423	P131	Q1171
Q5074314,https://www.wikidata.org/wiki/Q5074314,Chari-Dhand Wetland Conservation Reserve,,,,,,,23.56272222,69.413,,Ramsar site,,,,,,https://en.wikipedia.org/wiki/Chari-Dhand_Wetland_Conservation_Reserve,Q1061,Gujarat,medium,"wikilink #2 in the lead, ""Gujarat"" (Q1061), is an instance of Q12443800",Q5074314	P131	Q1061
Q6796837,https://www.wikidata.org/wiki/Q6796837,Mayani Bird Sanctuary,Bird Sanctuary,,,,,,17.41666667,74.5,,,,,,,,https://en.wikipedia.org/wiki/Mayani_Bird_Sanctuary,Q1191,Maharashtra,medium,"wikilink #4 in the lead, ""Maharashtra"" (Q1191), is an instance of Q12443800",Q6796837	P131	Q1191
Q7005299,https://www.wikidata.org/wiki/Q7005299,New Amarambalam Reserved Forest,,Western Ghats,http://commons.wikimedia.org/wiki/Special:FilePath/Nilgiri%20wood%20pigeon%20%28Columba%20elphinstonii%29.jpg,IUCN category II: National Park,,,11.23333333,76.18333333,Nilambur,part of UNESCO World Heritage Site,24697,,,New Amarambalam Reserved Forest,,https://en.wikipedia.org/wiki/New_Amarambalam_Reserved_Forest,Q1186,Kerala,low,"ambiguous: lead links to 2 different matching items (Q1186, Q1445); using the first, ""Kerala""",
Q7050184,https://www.wikidata.org/wiki/Q7050184,Noradehi,,,,IUCN category IV: Habitat/Species Management Area,,,23.17814167,79.20188611,,,,,,,,https://en.wikipedia.org/wiki/Noradehi,Q1188,Madhya Pradesh,medium,"wikilink #3 in the lead, ""Madhya Pradesh"" (Q1188), is an instance of Q12443800",Q7050184	P131	Q1188
Q7122045,https://www.wikidata.org/wiki/Q7122045,Pachmarhi Biosphere Reserve,,,,,,,22.183,77.783,,,,,,Pachmarhi Biosphere Reserve,,https://en.wikipedia.org/wiki/Pachmarhi_Biosphere_Reserve,Q1188,Madhya Pradesh,medium,"wikilink #3 in the lead, ""Madhya Pradesh"" (Q1188), is an instance of Q12443800",Q7122045	P131	Q1188
Q16253187,https://www.wikidata.org/wiki/Q16253187,Bankapur Peacock Sanctuary,Wildlife Sanctuary,,,,,,14.92,75.262,,,,,,,,https://en.wikipedia.org/wiki/Bankapura_Peacock_Sanctuary,Q1185,Karnataka,medium,"wikilink #2 in the lead, ""Karnataka"" (Q1185), is an instance of Q12443800",Q16253187	P131	Q1185
Q28173945,https://www.wikidata.org/wiki/Q28173945,Khonoma Nature Conservation and Tragopan Sanctuary,Wildlife Sanctuary,,,,,,25.6267,94.0021,Kohima,,,,,,,https://en.wikipedia.org/wiki/Khonoma_Nature_Conservation_and_Tragopan_Sanctuary,Q1599,Nagaland,medium,"wikilink #2 in the lead, ""Nagaland"" (Q1599), is an instance of Q12443800",Q28173945	P131	Q1599
Q38250531,https://www.wikidata.org/wiki/Q38250531,Akal Wood Fossil Park,,,,,,,26.825,71.04,,,,,,,,https://en.wikipedia.org/wiki/Akal_Wood_Fossil_Park,Q1437,Rajasthan,medium,"wikilink #4 in the lead, ""Rajasthan"" (Q1437), is an instance of Q12443800",Q38250531	P131	Q1437
Q38251694,https://www.wikidata.org/wiki/Q38251694,Sumin Reserve Forest,,,,,,,27.22305556,88.52722222,Rangpo,,,,,,,https://en.wikipedia.org/wiki/Sumin_Reserve_Forest,Q1505,Sikkim,medium,"wikilink #6 in the lead, ""Sikkim"" (Q1505), is an instance of Q12443800",Q38251694	P131	Q1505
Q39057492,https://www.wikidata.org/wiki/Q39057492,Nilambur Elephant Reserve,,,,,,,11.266666666,76.475,Nilambur,,,,,,,https://en.wikipedia.org/wiki/Nilambur_Elephant_Reserve,Q1186,Kerala,medium,"wikilink #2 in the lead, ""Kerala"" (Q1186), is an instance of Q12443800",Q39057492	P131	Q1186
Q48725066,https://www.wikidata.org/wiki/Q48725066,Masai Plateau,,,,,,,16.833961111,74.080644444,Kolhapur,,,,,,,https://en.wikipedia.org/wiki/Masai_Plateau,Q1191,Maharashtra,medium,"wikilink #7 in the lead, ""Maharashtra"" (Q1191), is an instance of Q12443800",Q48725066	P131	Q1191
Q48725510,https://www.wikidata.org/wiki/Q48725510,"Adavi, Kerala",,,http://commons.wikimedia.org/wiki/Special:FilePath/Adavi%20Eco%20Tourism.jpg,,,,9.2644,76.9355,Thannithode,,,,,,,"https://en.wikipedia.org/wiki/Adavi,_Kerala",Q1186,Kerala,medium,"wikilink #4 in the lead, ""Kerala"" (Q1186), is an instance of Q12443800",Q48725510	P131	Q1186
Q48730174,https://www.wikidata.org/wiki/Q48730174,Karikili Bird Sanctuary,Bird Sanctuary,,,IUCN category IV: Habitat/Species Management Area,,,12.5977,79.8429,,,,,,,,https://en.wikipedia.org/wiki/Karikili_Bird_Sanctuary,Q1445,Tamil Nadu,high,"1st wikilink in the lead, ""Tamil Nadu"" (Q1445), is an instance of Q12443800",Q48730174	P131	Q1445
Q110442683,https://www.wikidata.org/wiki/Q110442683,Kamrunag Lake,,,,,,,31.473055555,77.05,,,,,,,,https://en.wikipedia.org/wiki/Kamrunag_Lake,Q1177,Himachal Pradesh,medium,"wikilink #2 in the lead, ""Himachal Pradesh"" (Q1177), is an instance of Q12443800",Q110442683	P131	Q1177
Q111181635,https://www.wikidata.org/wiki/Q111181635,Nellai Wildlife Sanctuary,Wildlife Sanctuary,,,,,,9.1,77.266666666,,,,,,,,https://en.wikipedia.org/wiki/Nellai_Wildlife_Sanctuary,Q1445,Tamil Nadu,medium,"wikilink #2 in the lead, ""Tamil Nadu"" (Q1445), is an instance of Q12443800",Q111181635	P131	Q1445
Q111181702,https://www.wikidata.org/wiki/Q111181702,Singphan Wildlife Sanctuary,Wildlife Sanctuary,,,,,,,,,,,,,,,https://en.wikipedia.org/wiki/Singphan_Wildlife_Sanctuary,,,none,no wikilink in the lead resolved to a matching item,
Q112136896,https://www.wikidata.org/wiki/Q112136896,Kadalundi–Vallikkunnu Community Reserve,,,,,,,11.139333333,75.831222222,,,,,,,,https://en.wikipedia.org/wiki/Kadalundi%E2%80%93Vallikkunnu_Community_Reserve,Q1186,Kerala,high,"1st wikilink in the lead, ""Kerala"" (Q1186), is an instance of Q12443800",Q112136896	P131	Q1186
Q115937502,https://www.wikidata.org/wiki/Q115937502,Fudam Bird Sanctuary,Bird Sanctuary,,,IUCN category IV: Habitat/Species Management Area,Daman and Diu,,20.72514,70.95443,,,,,,,,https://en.wikipedia.org/wiki/Fudam_Bird_Sanctuary,Q77997266,Dadra and Nagar Haveli and Daman and Diu,medium,"wikilink #2 in the lead, ""Dadra and Nagar Haveli and Daman and Diu"" (Q77997266), is an instance of Q467745",Q115937502	P131	Q77997266
Q116739635,https://www.wikidata.org/wiki/Q116739635,Cauvery south Wildlife Sanctuary,Wildlife Sanctuary,,,,,,12.344166666,78.017222222,,,,,,,,https://en.wikipedia.org/wiki/Cauvery_South_Wildlife_Sanctuary,Q1445,Tamil Nadu,medium,"wikilink #5 in the lead, ""Tamil Nadu"" (Q1445), is an instance of Q12443800",Q116739635	P131	Q1445
Q2985788,https://www.wikidata.org/wiki/Q2985788,Neora Valley National Park,National Park,,http://commons.wikimedia.org/wiki/Special:FilePath/Neora%20valley1.png,IUCN category II: National Park,,,27.06,88.7,Kalimpong,Tentative World Heritage Site,,,,Neora Valley National Park,,https://en.wikipedia.org/wiki/Neora_Valley_National_Park,Q1356,West Bengal,medium,"wikilink #2 in the lead, ""West Bengal"" (Q1356), is an instance of Q12443800",Q2985788	P131	Q1356
Q3092307,https://www.wikidata.org/wiki/Q3092307,Mrugavani National Park,National Park,,http://commons.wikimedia.org/wiki/Special:FilePath/Daboia%20head.jpg,IUCN category II: National Park,,,17.35777778,78.34111111,Hyderabad,,,,,Mrugavani National Park,,https://en.wikipedia.org/wiki/Mrugavani_National_Park,Q677037,Telangana,medium,"wikilink #2 in the lead, ""Telangana"" (Q677037), is an instance of Q12443800",Q3092307	P131	Q677037
Q3092341,https://www.wikidata.org/wiki/Q3092341,Sanjay National Park,National Park,,http://commons.wikimedia.org/wiki/Special:FilePath/Oriolus%20xanthornus%2C%20Black-hooded%20Oriole%2C%20India%202013.jpg,IUCN category II: National Park,,,23.968611111,81.655277777,Sidhi,,,,,Sanjay National Park,,https://en.wikipedia.org/wiki/Sanjay_National_Park,Q1188,Madhya Pradesh,medium,"wikilink #6 in the lead, ""Madhya Pradesh"" (Q1188), is an instance of Q12443800",Q3092341	P131	Q1188
Q3143047,https://www.wikidata.org/wiki/Q3143047,Mouling National Park,National Park,,http://commons.wikimedia.org/wiki/Special:FilePath/Tragopan%20blythii01.jpg,IUCN category II: National Park,,,28.58333333,94.86666667,,,,,,,,https://en.wikipedia.org/wiki/Mouling_National_Park,Q1162,Arunachal Pradesh,medium,"wikilink #6 in the lead, ""Arunachal Pradesh"" (Q1162), is an instance of Q12443800",Q3143047	P131	Q1162
Q3174875,https://www.wikidata.org/wiki/Q3174875,Nokrek National Park,National Park,,http://commons.wikimedia.org/wiki/Special:FilePath/Jhum%20cultivation%20in%20Nokrek%20Biosphere%20Reserve%20Meghalaya%20India%20Northeast%20India%202004.jpg,IUCN category II: National Park,,,25.53333333,90.11666667,,,,,,Nokrek National Park,,https://en.wikipedia.org/wiki/Nokrek_National_Park,Q1195,Meghalaya,medium,"wikilink #2 in the lead, ""Meghalaya"" (Q1195), is an instance of Q12443800",Q3174875	P131	Q1195
Q3174893,https://www.wikidata.org/wiki/Q3174893,Sri Venkateswara National Park,National Park,,http://commons.wikimedia.org/wiki/Special:FilePath/Sri%20Venkateswara%20National%20Park%20Tirumala%20Hills%2001.jpg,IUCN category II: National Park,,,13.7511,79.3378,Tirupati,,,,,Sri Venkateswara National Park,,https://en.wikipedia.org/wiki/Sri_Venkateswara_National_Park,Q1159,Andhra Pradesh,medium,"wikilink #2 in the lead, ""Andhra Pradesh"" (Q1159), is an instance of Q12443800",Q3174893	P131	Q1159
Q3326008,https://www.wikidata.org/wiki/Q3326008,Mount Abu Wildlife Sanctuary,Wildlife Sanctuary,,http://commons.wikimedia.org/wiki/Special:FilePath/Nakki%20Lake%20from%20Mount%20Abu%20Wildlife%20Sanctuary.JPG,IUCN category IV: Habitat/Species Management Area,,,24.55,72.63333333,Aburaj,,,,,,,https://en.wikipedia.org/wiki/Mount_Abu_Wildlife_Sanctuary,Q1437,Rajasthan,medium,"wikilink #2 in the lead, ""Rajasthan"" (Q1437), is an instance of Q12443800",Q3326008	P131	Q1437
Q3330156,https://www.wikidata.org/wiki/Q3330156,Pampadum Shola National Park,National Park,,http://commons.wikimedia.org/wiki/Special:FilePath/Pampadumshola.jpg,IUCN category II: National Park,,,10.14388889,77.26694444,Marayur,,,,,Pampadum Shola National Park,,https://en.wikipedia.org/wiki/Pampadum_Shola_National_Park,Q1186,Kerala,low,"ambiguous: lead links to 2 different matching items (Q1186, Q1445); using the first, ""Kerala""",
Q7701533,https://www.wikidata.org/wiki/Q7701533,Terai Arc Landscape,,,,,,,,,,,,,,,,https://en.wikipedia.org/wiki/Terai_Arc_Landscape,,,none,no wikilink in the lead resolved to a matching item,
Q7786671,https://www.wikidata.org/wiki/Q7786671,Thol Lake,,,http://commons.wikimedia.org/wiki/Special:FilePath/Thol%20Lake%20-%20Gujarat%2C%20India%20-%20Flickr%20-%20Emmanuel%20Dyan%20%2812%29.jpg,,,,23.140152,72.392701,,,,https://www.gujarattourism.com/central-zone/ahmedabad/thol-lake-sanctuary.html,,Thol Lake,,https://en.wikipedia.org/wiki/Thol_Lake,Q1061,Gujarat,medium,"wikilink #4 in the lead, ""Gujarat"" (Q1061), is an instance of Q12443800",Q7786671	P131	Q1061
Q7786672,https://www.wikidata.org/wiki/Q7786672,Thol Wildlife Sanctuary,Wildlife Sanctuary,,,,,,23.14,72.4,,,,,,,,https://en.wikipedia.org/wiki/Thol_Wildlife_Sanctuary,Q1061,Gujarat,medium,"wikilink #4 in the lead, ""Gujarat"" (Q1061), is an instance of Q12443800",Q7786672	P131	Q1061
Q7809473,https://www.wikidata.org/wiki/Q7809473,Tiruvidaimarudur Conservation Reserve,,,http://commons.wikimedia.org/wiki/Special:FilePath/Little%20Egret%20%28Egretta%20garzetta%29-%20Breeding%20plumage-%20in%20Hyderabad%2C%20AP%20W%20IMG%207671.jpg,IUCN category V: Protected Landscape/Seascape,,,10.9944,79.4503,,,,,,,,https://en.wikipedia.org/wiki/Tiruvidaimarudur_Conservation_Reserve,Q1445,Tamil Nadu,medium,"wikilink #6 in the lead, ""Tamil Nadu"" (Q1445), is an instance of Q12443800",Q7809473	P131	Q1445
Q7901902,https://www.wikidata.org/wiki/Q7901902,Ushakothi Wildlife Sanctuary,Wildlife Sanctuary,,,,,,21.483333,84.283333,,,,,,,,https://en.wikipedia.org/wiki/Ushakothi_Wildlife_Sanctuary,,,none,no wikilink in the lead resolved to a matching item,
Q105806882,https://www.wikidata.org/wiki/Q105806882,Kottur Elephant Sanctuary and Rehabilitation Centre,Wildlife Sanctuary,,,,,,8.4,77.16,,,,,,,,https://en.wikipedia.org/wiki/Kottur_Elephant_Sanctuary_and_Rehabilitation_Centre,Q1186,Kerala,medium,"wikilink #2 in the lead, ""Kerala"" (Q1186), is an instance of Q12443800",Q105806882	P131	Q1186
Q7461605,https://www.wikidata.org/wiki/Q7461605,Shahgarh Landscape,,,,,,,,,,,,,,,,https://en.wikipedia.org/wiki/Shahgarh_Landscape,Q1437,Rajasthan,medium,"wikilink #3 in the lead, ""Rajasthan"" (Q1437), is an instance of Q12443800",Q7461605	P131	Q1437
Q6963787,https://www.wikidata.org/wiki/Q6963787,Nanmangalam Reserve Forest,,,,,,,12.926268,80.175176,Chennai,,,,,,,https://en.wikipedia.org/wiki/Nanmangalam_Reserve_Forest,Q1445,Tamil Nadu,medium,"wikilink #2 in the lead, ""Tamil Nadu"" (Q1445), is an instance of Q12443800",Q6963787	P131	Q1445
Q6965807,https://www.wikidata.org/wiki/Q6965807,Narendrapur Wildlife Sanctuary,Wildlife Sanctuary,,,,,,22.4295,88.4007,,,,,,Narendrapur Wildlife Sanctuary,,https://en.wikipedia.org/wiki/Narendrapur_Wildlife_Sanctuary,Q1356,West Bengal,medium,"wikilink #2 in the lead, ""West Bengal"" (Q1356), is an instance of Q12443800",Q6965807	P131	Q1356
Q124973096,https://www.wikidata.org/wiki/Q124973096,Seshachalam Hills biosphere,,,,,,,,,,,,,,,,https://en.wikipedia.org/wiki/Seshachalam_Hills_biosphere,Q1159,Andhra Pradesh,medium,"wikilink #2 in the lead, ""Andhra Pradesh"" (Q1159), is an instance of Q12443800",Q124973096	P131	Q1159
Q126476611,https://www.wikidata.org/wiki/Q126476611,Ashramam Biodiversity Heritage Site,,,,,,,8.895555555,76.586388888,,,,,,,,https://en.wikipedia.org/wiki/Ashramam_Biodiversity_Heritage_Site,,,none,no wikilink in the lead resolved to a matching item,
Q126476600,https://www.wikidata.org/wiki/Q126476600,Biodiversity Heritage Site,,,,,,,,,,,,,,,,https://en.wikipedia.org/wiki/Biodiversity_Heritage_Site,,,none,no wikilink in the lead resolved to a matching item,
Q3523324,https://www.wikidata.org/wiki/Q3523324,Karimpuzha National Park,National Park,,,,,,11.275,76.42361111,,,,,,,,https://en.wikipedia.org/wiki/Karimpuzha_National_Park,Q1186,Kerala,low,"ambiguous: lead links to 2 different matching items (Q1186, Q1445); using the first, ""Kerala""",
Q3530830,https://www.wikidata.org/wiki/Q3530830,Nilgiri Biosphere Reserve,,,http://commons.wikimedia.org/wiki/Special:FilePath/Doddabetta%20view.jpg,,,,11.67,76.54,,,,,,Nilgiri Biosphere Reserve,,https://en.wikipedia.org/wiki/Nilgiri_Biosphere_Reserve,Q1445,Tamil Nadu,low,"ambiguous: lead links to 3 different matching items (Q1445, Q1185, Q1186); using the first, ""Tamil Nadu""",
Q3595505,https://www.wikidata.org/wiki/Q3595505,Agasthyamala Biosphere Reserve,,,,,,,8.703,77.235361111,Nagercoil,,,,,Agasthyamala Biosphere Reserve,,https://en.wikipedia.org/wiki/Agasthyamala_Biosphere_Reserve,Q1186,Kerala,low,"ambiguous: lead links to 2 different matching items (Q1186, Q1445); using the first, ""Kerala""",
Q648548,https://www.wikidata.org/wiki/Q648548,Guindy National Park,National Park,,http://commons.wikimedia.org/wiki/Special:FilePath/Guindy%20national%20park.jpg,IUCN category II: National Park,,,13.00259,80.23079,Chennai,,2.8,,,Guindy National Park,,https://en.wikipedia.org/wiki/Guindy_National_Park,Q1445,Tamil Nadu,medium,"wikilink #2 in the lead, ""Tamil Nadu"" (Q1445), is an instance of Q12443800",Q648548	P131	Q1445
Q1209353,https://www.wikidata.org/wiki/Q1209353,Dibru-Saikhowa National Park,National Park,,http://commons.wikimedia.org/wiki/Special:FilePath/Dibru-Saikhowa%20National%20Park%20%282%29.jpg,IUCN category II: National Park,,,27.649841,95.340294,Tinsukia,,,,,Dibru-Saikhowa National Park,,https://en.wikipedia.org/wiki/Dibru-Saikhowa_National_Park,Q1164,Assam,high,"1st wikilink in the lead, ""Assam"" (Q1164), is an instance of Q12443800",Q1209353	P131	Q1164
Q1427976,https://www.wikidata.org/wiki/Q1427976,Indravati National Park,National Park,,http://commons.wikimedia.org/wiki/Special:FilePath/Bubalus%20arnee%20Kaziranga.jpg,,,,19.33333333,81,Jagdalpur,,1258,,,Indravati National Park,,https://en.wikipedia.org/wiki/Indravati_National_Park,Q1168,Chhattisgarh,low,"ambiguous: lead links to 2 different matching items (Q1168, Q1191); using the first, ""Chhattisgarh""",
Q3490050,https://www.wikidata.org/wiki/Q3490050,Sonai Rupai Wildlife Sanctuary,Wildlife Sanctuary,,,IUCN category IV: Habitat/Species Management Area,,,26.89416667,92.34583333,Tezpur,,,,,,,https://en.wikipedia.org/wiki/Sonai_Rupai_Wildlife_Sanctuary,Q1164,Assam,high,"1st wikilink in the lead, ""Assam"" (Q1164), is an instance of Q12443800",Q3490050	P131	Q1164
Q3635045,https://www.wikidata.org/wiki/Q3635045,Binsar Wildlife Sanctuary,Wildlife Sanctuary,,http://commons.wikimedia.org/wiki/Special:FilePath/Binsar%20Oak%20Forests.JPG,IUCN category IV: Habitat/Species Management Area,,,29.63222222,79.3375,Almora,,,,http://commons.wikimedia.org/wiki/Special:FilePath/Binsar%20Banner%20Wikivoyage.jpg,Binsar Wildlife Sanctuary,,https://en.wikipedia.org/wiki/Binsar_Wildlife_Sanctuary,Q1499,Uttarakhand,high,"1st wikilink in the lead, ""Uttarakhand"" (Q1499), is an instance of Q12443800",Q3635045	P131	Q1499
Q3696260,https://www.wikidata.org/wiki/Q3696260,Palani Hills Wildlife Sanctuary and National Park,National Park,,http://commons.wikimedia.org/wiki/Special:FilePath/Palani%20Hills-C.jpg,IUCN category VI: Protected Area with sustainable use of natural resources,,,10.24527778,77.52388889,Kodaikanal,,,,,,,https://en.wikipedia.org/wiki/Palani_Hills_Wildlife_Sanctuary_and_National_Park,Q1445,Tamil Nadu,low,"ambiguous: lead links to 2 different matching items (Q1445, Q1186); using the first, ""Tamil Nadu""",
Q4768948,https://www.wikidata.org/wiki/Q4768948,Annekal Reserved Forest,,,,,,,12.704,77.591,,,,,,,,https://en.wikipedia.org/wiki/Annekal_Reserved_Forest,Q1185,Karnataka,medium,"wikilink #2 in the lead, ""Karnataka"" (Q1185), is an instance of Q12443800",Q4768948	P131	Q1185
Q55633284,https://www.wikidata.org/wiki/Q55633284,Sitabani Wildlife Reserve,Wildlife Sanctuary,,,,,,29.766666666,79.433333333,Ramnagar,,,,,,,https://en.wikipedia.org/wiki/Sitabani_Wildlife_Reserve,Q1499,Uttarakhand,medium,"wikilink #2 in the lead, ""Uttarakhand"" (Q1499), is an instance of Q12443800",Q55633284	P131	Q1499
Q85765467,https://www.wikidata.org/wiki/Q85765467,Hail Haor Wildlife Sanctuary,Wildlife Sanctuary,,,,Habiganj District,,24.366666666,91.683333333,,,,,,Hail Haor Wildlife Sanctuary,,https://en.wikipedia.org/wiki/Hail_Haor_Wildlife_Sanctuary,,,none,no wikilink in the lead resolved to a matching item,
Q85800682,https://www.wikidata.org/wiki/Q85800682,Sharavathi LTM Wildlife Sanctuary,Wildlife Sanctuary,,,,,,13.9,74.633333333,,,,,,Sharavati Valley Wildlife Sanctuary,,https://en.wikipedia.org/wiki/Sharavathi_LTM_Wildlife_Sanctuary,Q1185,Karnataka,medium,"wikilink #2 in the lead, ""Karnataka"" (Q1185), is an instance of Q12443800",Q85800682	P131	Q1185
Q2723927,https://www.wikidata.org/wiki/Q2723927,Maldhari,,,,,,,21.13555556,70.79666667,,,,,,,,https://en.wikipedia.org/wiki/Maldhari,Q1061,Gujarat,medium,"wikilink #18 in the lead, ""Gujarat"" (Q1061), is an instance of Q12443800",Q2723927	P131	Q1061
Q2979693,https://www.wikidata.org/wiki/Q2979693,Campbell Bay National Park,National Park,,http://commons.wikimedia.org/wiki/Special:FilePath/Nicobar%20Treeshrew%20%28Tupaia%20nicobarica%20nicobarica%29.jpg,IUCN category II: National Park,,,7.11277778,93.76194444,,,426.23,,,,,https://en.wikipedia.org/wiki/Campbell_Bay_National_Park,,,none,no wikilink in the lead resolved to a matching item,
Q2985148,https://www.wikidata.org/wiki/Q2985148,Gorumara National Park,National Park,,http://commons.wikimedia.org/wiki/Special:FilePath/Gorumara%20Gateway%20Arnab%20Dutta.JPG,IUCN category II: National Park,,,26.7,88.8,Malbazar,,,,http://commons.wikimedia.org/wiki/Special:FilePath/GorumaraH.jpg,Gorumara National Park,,https://en.wikipedia.org/wiki/Gorumara_National_Park,Q1356,West Bengal,medium,"wikilink #7 in the lead, ""West Bengal"" (Q1356), is an instance of Q12443800",Q2985148	P131	Q1356
Q18126911,https://www.wikidata.org/wiki/Q18126911,Kondakameru Wildlife Sanctuary,Wildlife Sanctuary,,,,,,18.366719,81.982249,,,,,,,,https://en.wikipedia.org/wiki/Kondakameru_Wildlife_Sanctuary,Q22048,Odisha,medium,"wikilink #3 in the lead, ""Odisha"" (Q22048), is an instance of Q12443800",Q18126911	P131	Q22048
Q18128630,https://www.wikidata.org/wiki/Q18128630,Nelapattu Bird Sanctuary,Bird Sanctuary,,http://commons.wikimedia.org/wiki/Special:FilePath/Nellapattu%20Bird%20Sanctuary%20board.jpg,,,,13.83325,79.94962,,,,,,,,https://en.wikipedia.org/wiki/Nelapattu_Bird_Sanctuary,Q1159,Andhra Pradesh,medium,"wikilink #2 in the lead, ""Andhra Pradesh"" (Q1159), is an instance of Q12443800",Q18128630	P131	Q1159
Q18357307,https://www.wikidata.org/wiki/Q18357307,Uppalapadu Bird Sanctuary,Bird Sanctuary,,http://commons.wikimedia.org/wiki/Special:FilePath/Uppalapadu%20Bird%20Sanctuary%20Entrance.jpg,,,,,,,,,,,Uppalapadu Bird Sanctuary,,https://en.wikipedia.org/wiki/Uppalapadu_Bird_Sanctuary,Q1159,Andhra Pradesh,high,"1st wikilink in the lead, ""Andhra Pradesh"" (Q1159), is an instance of Q12443800",Q18357307	P131	Q1159
Q18768349,https://www.wikidata.org/wiki/Q18768349,Godumalai,,,http://commons.wikimedia.org/wiki/Special:FilePath/Godumalai.jpg,,,,11.682,78.3508,Salem,,,,,,,https://en.wikipedia.org/wiki/Godumalai,Q1445,Tamil Nadu,medium,"wikilink #4 in the lead, ""Tamil Nadu"" (Q1445), is an instance of Q12443800",Q18768349	P131	Q1445
Q19881905,https://www.wikidata.org/wiki/Q19881905,Amangarh Tiger Reserve,Tiger Reserve,,,,,,29.5667,78.6167,,,,,,,,https://en.wikipedia.org/wiki/Amangarh_Tiger_Reserve,Q1498,Uttar Pradesh,medium,"wikilink #2 in the lead, ""Uttar Pradesh"" (Q1498), is an instance of Q12443800",Q19881905	P131	Q1498
Q19894392,https://www.wikidata.org/wiki/Q19894392,Naina Devi Himalayan Bird Conservation Reserve,Bird Sanctuary,,http://commons.wikimedia.org/wiki/Special:FilePath/Goldcrest%20Vinayak%20Uttarakhand%20India%2005.02.2015.jpg,,,,29.38,79.45,Nainital,,,,,,,https://en.wikipedia.org/wiki/Naina_Devi_Himalayan_Bird_Conservation_Reserve,Q1499,Uttarakhand,medium,"wikilink #3 in the lead, ""Uttarakhand"" (Q1499), is an instance of Q12443800",Q19894392	P131	Q1499
Q19898458,https://www.wikidata.org/wiki/Q19898458,Sri Lankamalleswara Wildlife Sanctuary,Wildlife Sanctuary,,,,,,14.6,78.8833,Kadapa,,,,,Sri Lankamalleswara Wildlife Sanctuary,,https://en.wikipedia.org/wiki/Sri_Lankamalleswara_Wildlife_Sanctuary,Q1159,Andhra Pradesh,medium,"wikilink #3 in the lead, ""Andhra Pradesh"" (Q1159), is an instance of Q12443800",Q19898458	P131	Q1159
Q3895706,https://www.wikidata.org/wiki/Q3895706,Q3895706,,,,,,,,,,,,,,,,,,,none,no enwiki article found for this item,
Q14205920,https://www.wikidata.org/wiki/Q14205920,Begur Wildlife Sanctuary,Wildlife Sanctuary,,,,,,11.84763,76.0853,,,,,,,,,,,none,no enwiki article found for this item,
Q17564493,https://www.wikidata.org/wiki/Q17564493,Q17564493,,,,,,,27.066667,94.5,,,,,,,,,,,none,no enwiki article found for this item,
Q22771835,https://www.wikidata.org/wiki/Q22771835,Gulf of Mannar,,,,,,,8.81,78.63,,,,,,Gulf of Mannar,,,,,none,no enwiki article found for this item,
Q22806742,https://www.wikidata.org/wiki/Q22806742,Nokrek,,,,,,,25.4855,90.338,,,,,,,,,,,none,no enwiki article found for this item,
Q54833564,https://www.wikidata.org/wiki/Q54833564,Similipal Biosphere Reserve,,,,,,,,,,,,,,,,,,,none,no enwiki article found for this item,
Q63258902,https://www.wikidata.org/wiki/Q63258902,Lumding Reserve Forest,,,,,,,,,,,,,,,,,,,none,no enwiki article found for this item,
Q66004174,https://www.wikidata.org/wiki/Q66004174,Padinalknad Reserved Forest,,Western Ghats,,,,,12.5464,75.7078,,part of UNESCO World Heritage Site,18476,,,,,,,,none,no enwiki article found for this item,
Q66004175,https://www.wikidata.org/wiki/Q66004175,Kerti Reserved Forest,,Western Ghats,,,,,12.5464,75.7078,,part of UNESCO World Heritage Site,7904,,,,,,,,none,no enwiki article found for this item,
Q66004181,https://www.wikidata.org/wiki/Q66004181,Someshwara Reserved Forest,,Western Ghats,,,,,13.4997,75.1006,,part of UNESCO World Heritage Site,11292,,,,,,,,none,no enwiki article found for this item,
Q66004184,https://www.wikidata.org/wiki/Q66004184,Balahalli Reserved Forest,,Western Ghats,,,,,13.4997,75.1006,,part of UNESCO World Heritage Site,2263,,,,,,,,none,no enwiki article found for this item,
Q97266685,https://www.wikidata.org/wiki/Q97266685,Q97266685,,,,,,,,,,,,,,,,,,,none,no enwiki article found for this item,
Q105741355,https://www.wikidata.org/wiki/Q105741355,Kakaijana Wildlife Sanctuary,Wildlife Sanctuary,,,,,,,,,,,,,,,,,,none,no enwiki article found for this item,
Q124393029,https://www.wikidata.org/wiki/Q124393029,Bhadur forest,,,,,,,22.9364123,87.7469917,,,,,,,,,,,none,no enwiki article found for this item,
Q130492163,https://www.wikidata.org/wiki/Q130492163,Bogoli Reserve Forest,,,,,,,27.1598699,93.8477224,,,,,,,,,,,none,no enwiki article found for this item,
Q1858071,https://www.wikidata.org/wiki/Q1858071,Panna National Park,National Park,,http://commons.wikimedia.org/wiki/Special:FilePath/Panna%20National%20Park%20Map.jpg,IUCN category II: National Park,,,24.73044444,80.01022222,Panna,,,,http://commons.wikimedia.org/wiki/Special:FilePath/Panna%20National%20Park%20Banner.jpg,Panna National Park,,https://en.wikipedia.org/wiki/Panna_National_Park,Q1188,Madhya Pradesh,medium,"wikilink #3 in the lead, ""Madhya Pradesh"" (Q1188), is an instance of Q12443800",Q1858071	P131	Q1188
Q16847439,https://www.wikidata.org/wiki/Q16847439,Indira Gandhi Wildlife Sanctuary,Wildlife Sanctuary,,,,,,,,,,,,,,,https://en.wikipedia.org/wiki/Indira_Gandhi_Wildlife_Sanctuary,,,none,no wikilink in the lead resolved to a matching item,
Q13116281,https://www.wikidata.org/wiki/Q13116281,Karian Shola National Park,National Park,Western Ghats,,,,,10.38333333,77.08333333,,part of UNESCO World Heritage Site,503,,,,,https://en.wikipedia.org/wiki/Karian_Shola_National_Park,Q1445,Tamil Nadu,low,"ambiguous: lead links to 2 different matching items (Q1445, Q1186); using the first, ""Tamil Nadu""",
Q13118992,https://www.wikidata.org/wiki/Q13118992,Pritisangam,,,,,,,17.285,74.184,Karad,,,,,,,https://en.wikipedia.org/wiki/Pritisangam,Q1191,Maharashtra,medium,"wikilink #2 in the lead, ""Maharashtra"" (Q1191), is an instance of Q12443800",Q13118992	P131	Q1191
Q4806672,https://www.wikidata.org/wiki/Q4806672,Salim Ali Bird Sanctuary.,Bird Sanctuary,,http://commons.wikimedia.org/wiki/Special:FilePath/Salim%20Ali%20Sanctuary.jpg,,,,15.5146,73.8575,Panaji,,,http://www.goatourism.gov.in/destinations/sanctuaries/162-dr-salim-ali-bird-sanctuary,,Salim Ali Bird Sanctuary,,https://en.wikipedia.org/wiki/Salim_Ali_Bird_Sanctuary,Q1171,Goa,high,"1st wikilink in the lead, ""Goa"" (Q1171), is an instance of Q12443800",Q4806672	P131	Q1171
Q6414074,https://www.wikidata.org/wiki/Q6414074,Kinnerasani Wildlife Sanctuary,Wildlife Sanctuary,,http://commons.wikimedia.org/wiki/Special:FilePath/View%20from%20a%20dam%20in%20Kinnarsani%20WS%2C%20AP%20W%20IMG%205776.jpg,IUCN category IV: Habitat/Species Management Area,,,17.775,80.559,Bhadrachalam,,,,,Kinnerasani Wildlife Sanctuary,,https://en.wikipedia.org/wiki/Kinnerasani_Wildlife_Sanctuary,Q677037,Telangana,high,"1st wikilink in the lead, ""Telangana"" (Q677037), is an instance of Q12443800",Q6414074	P131	Q677037
Q6434637,https://www.wikidata.org/wiki/Q6434637,Koundinya Wildlife Sanctuary,Wildlife Sanctuary,,http://commons.wikimedia.org/wiki/Special:FilePath/Andhra%20Pradesh%20-%20Landscapes%20from%20Andhra%20Pradesh%2C%20views%20from%20Indias%20South%20Central%20Railway%20%2877%29.JPG,IUCN category IV: Habitat/Species Management Area,,,13.025,78.645,Chittorgarh,,,,,Koundinya Wildlife Sanctuary,,https://en.wikipedia.org/wiki/Koundinya_Wildlife_Sanctuary,Q1159,Andhra Pradesh,high,"1st wikilink in the lead, ""Andhra Pradesh"" (Q1159), is an instance of Q12443800",Q6434637	P131	Q1159
Q6437498,https://www.wikidata.org/wiki/Q6437498,Krishna Wildlife Sanctuary,Wildlife Sanctuary,,http://commons.wikimedia.org/wiki/Special:FilePath/Mangroves%20W%20IMG%206896.jpg,IUCN category IV: Habitat/Species Management Area,,,15.7,80.7,Machilipatnam,,,,,Krishna Wildlife Sanctuary,,https://en.wikipedia.org/wiki/Krishna_Wildlife_Sanctuary,Q1159,Andhra Pradesh,high,"1st wikilink in the lead, ""Andhra Pradesh"" (Q1159), is an instance of Q12443800",Q6437498	P131	Q1159
Q106240301,https://www.wikidata.org/wiki/Q106240301,Nandankanan Wildlife Sanctuary,Wildlife Sanctuary,,,,,,,,,,4.37,,,,,,,,none,no enwiki article found for this item,
